date,T2M,day_of_year,sin_dayofyear,cos_dayofyear,prev_irradiance,lat,lon,predicted_solar_irradiance,year,ordinal,T2M_trended,predicted_irradiance_trended,daily_energy_kwh
2025-01-02,25.398539,2,0.03442161162274574,0.9994074007397048,25.398539,7.8731,80.7718,5.033948,2025,739253,28.231988055063994,4.2987366,1.0316968
2025-01-03,25.723478,3,0.051619667223253764,0.998666816288476,25.398539,7.8731,80.7718,4.964911,2025,739254,28.223830280849143,4.541961,1.0900707
2025-01-04,25.714857,4,0.06880242680231986,0.9976303053065857,25.723478,7.8731,80.7718,4.9502964,2025,739255,28.21567250663429,4.4452724,1.0668653
2025-01-05,25.349566,5,0.08596479873744647,0.9962981749346078,25.714857,7.8731,80.7718,5.259653,2025,739256,28.20751473241944,4.6119013,1.1068563
2025-01-06,25.317636,6,0.10310169744743485,0.9946708199115211,25.349566,7.8731,80.7718,5.251766,2025,739257,28.19935695820459,4.62994,1.1111857
2025-01-07,25.229307,7,0.1202080448993527,0.9927487224577402,25.317636,7.8731,80.7718,5.3875737,2025,739258,28.19119918398974,4.388581,1.0532594
2025-01-08,25.246557,8,0.13727877211326478,0.9905324521322229,25.229307,7.8731,80.7718,5.3894215,2025,739259,28.183041409774887,4.343471,1.0424331
2025-01-09,25.628283,9,0.15430882066428117,0.9880226656636976,25.246557,7.8731,80.7718,4.8657064,2025,739260,28.174883635560036,4.2432513,1.0183803
2025-01-10,25.643137,10,0.1712931441814776,0.9852201067560606,25.628283,7.8731,80.7718,4.7304463,2025,739261,28.166725861345185,3.991971,0.9580731
2025-01-11,25.643137,11,0.1882267098432442,0.9821256058680006,25.643137,7.8731,80.7718,4.9462943,2025,739262,28.158568087130334,3.9860141,0.95664334
2025-01-12,25.643137,12,0.2051044998686192,0.9787400799669153,25.643137,7.8731,80.7718,5.0895305,2025,739263,28.150410312914573,4.103197,0.9847673
2025-01-13,25.643137,13,0.2219215130041655,0.9750645322571948,25.643137,7.8731,80.7718,4.8912897,2025,739264,28.142252538699722,4.296396,1.0311351
2025-01-14,25.643137,14,0.2386727660059501,0.9711000518829505,25.643137,7.8731,80.7718,5.0445986,2025,739265,28.13409476448487,4.7569447,1.1416668
2025-01-15,25.643137,15,0.255353295116187,0.9668478136052775,25.643137,7.8731,80.7718,4.854388,2025,739266,28.12593699027002,4.7361836,1.1366841
2025-01-16,25.643137,16,0.2719581575341055,0.9623090774541486,25.643137,7.8731,80.7718,4.881437,2025,739267,28.11777921605517,4.682934,1.1239041
2025-01-17,25.643137,17,0.288482432880609,0.9574851883550393,25.643137,7.8731,80.7718,5.1887803,2025,739268,28.109621441840318,4.7544265,1.1410624
2025-01-18,25.643137,18,0.30492122465628907,0.9523775757303974,25.643137,7.8731,80.7718,5.086358,2025,739269,28.101463667625467,4.6520042,1.1164811
2025-01-19,25.643137,19,0.3212696616923644,0.9469877530760753,25.643137,7.8731,80.7718,4.9176598,2025,739270,28.093305893410616,4.451872,1.0684493
2025-01-20,25.643137,20,0.3375228995941133,0.9413173175128471,25.643137,7.8731,80.7718,4.9140587,2025,739271,28.085148119195765,4.5313296,1.087519
2025-01-21,25.643137,21,0.3536761221763716,0.9353679493131483,25.643137,7.8731,80.7718,4.9376726,2025,739272,28.076990344980914,4.5430217,1.0903252
2025-01-22,25.643137,22,0.3697245428906731,0.9291414114031743,25.643137,7.8731,80.7718,5.096451,2025,739273,28.068832570765153,4.627432,1.1105837
2025-01-23,25.643137,23,0.38566340624360707,0.9226395488404876,25.643137,7.8731,80.7718,5.039635,2025,739274,28.060674796550302,4.7249184,1.1339804
2025-01-24,25.643137,24,0.401487989205973,0.9158642882672872,25.643137,7.8731,80.7718,4.989304,2025,739275,28.05251702233545,4.643128,1.1143508
2025-01-25,25.643137,25,0.4171936026123168,0.9088176373395029,25.643137,7.8731,80.7718,5.0122585,2025,739276,28.0443592481206,4.94061,1.1857464
2025-01-26,25.643137,26,0.4327755925504312,0.901501684131884,25.643137,7.8731,80.7718,5.0560975,2025,739277,28.03620147390575,4.9788885,1.1949333
2025-01-27,25.643137,27,0.4482293417404106,0.893918596519257,25.643137,7.8731,80.7718,4.968647,2025,739278,28.028043699690897,5.0558357,1.2134006
2025-01-28,25.643137,28,0.4635502709028509,0.886070621534138,25.643137,7.8731,80.7718,4.9997196,2025,739279,28.019885925476046,5.091188,1.2218852
2025-01-29,25.643137,29,0.47873384011578846,0.8779600847008882,25.643137,7.8731,80.7718,4.950666,2025,739280,28.011728151261195,5.059066,1.2141758
2025-01-30,26.119438,30,0.49377555015997715,0.869589389346611,25.643137,7.8731,80.7718,4.9716883,2025,739281,28.003570377046344,4.9230204,1.1815249
2025-01-31,27.194756,31,0.5086709438521044,0.8609610158889943,26.119438,7.8731,80.7718,5.1339397,2025,739282,27.995412602831493,5.020234,1.2048562
2025-02-01,26.875996,32,0.5234156073655503,0.8520775211013093,27.194756,7.8731,80.7718,5.0415072,2025,739283,27.987254828615733,4.8981204,1.1755489
2025-02-02,26.548779,33,0.5380051715382996,0.8429415373547828,26.875996,7.8731,80.7718,4.991002,2025,739284,27.97909705440088,4.9522715,1.1885452
2025-02-03,26.519281,34,0.5524353131676196,0.8335557718385699,26.548779,7.8731,80.7718,5.101567,2025,739285,27.97093928018603,4.93937,1.1854489
2025-02-04,26.674633,35,0.5667017562911176,0.8239230057575542,26.519281,7.8731,80.7718,5.133739,2025,739286,27.96278150597118,4.793995,1.1505588
2025-02-05,26.955332,36,0.5808002734538009,0.8140460935082178,26.674633,7.8731,80.7718,4.990537,2025,739287,27.954623731756328,4.6528263,1.1166784
2025-02-06,26.70088,37,0.5947266869607634,0.8039279618328213,26.955332,7.8731,80.7718,5.1623955,2025,739288,27.946465957541477,4.6138496,1.107324
2025-02-07,26.862501,38,0.6084768701151261,0.7935716089521474,26.70088,7.8731,80.7718,4.893606,2025,739289,27.938308183326626,4.537014,1.0888834
2025-02-08,26.548779,39,0.6220467484408675,0.7829801036770629,26.862501,7.8731,80.7718,5.4093537,2025,739290,27.930150409111775,5.051579,1.212379
2025-02-09,26.519281,40,0.6354323008901774,0.7721565844991642,26.548779,7.8731,80.7718,5.4732213,2025,739291,27.921992634896924,5.064789,1.2155495
2025-02-10,26.674633,41,0.6486295610349814,0.7611042586607747,26.519281,7.8731,80.7718,5.698352,2025,739292,27.913834860682073,5.1155605,1.2277346
2025-02-11,26.955332,42,0.6616346182422783,0.7498264012045686,26.674633,7.8731,80.7718,5.351697,2025,739293,27.90567708646722,4.792737,1.1502569
2025-02-12,26.70088,43,0.6744436188329455,0.7383263540031065,26.955332,7.8731,80.7718,5.6707544,2025,739294,27.89751931225146,4.9363375,1.184721
2025-02-13,26.862501,44,0.6870527672236669,0.7266075247685656,26.70088,7.8731,80.7718,5.3535056,2025,739295,27.88936153803661,4.9091835,1.178204
2025-02-14,26.548779,45,0.699458327051647,0.7146733860429609,26.862501,7.8731,80.7718,5.416052,2025,739296,27.88120376382176,4.312252,1.0349405
2025-02-15,26.519281,46,0.7116566222817746,0.7025274741691571,26.548779,7.8731,80.7718,5.809445,2025,739297,27.873045989606908,4.6832647,1.1239835
2025-02-16,26.674633,47,0.7236440382959124,0.6901733882429719,26.519281,7.8731,80.7718,6.0157347,2025,739298,27.864888215392057,5.1489305,1.2357433
2025-02-17,26.955332,48,0.7354170229639855,0.6776147890466889,26.674633,7.8731,80.7718,5.8143754,2025,739299,27.856730441177206,5.0697484,1.2167397
2025-02-18,26.70088,49,0.7469720876965552,0.6648553979642865,26.955332,7.8731,80.7718,7.1094627,2025,739300,27.848572666962355,6.1688356,1.4805206
2025-02-19,26.862501,50,0.7583058084785624,0.6518989958787126,26.70088,7.8731,80.7718,6.7902107,2025,739301,27.840414892747503,6.173673,1.4816816
2025-02-20,26.548779,51,0.7694148268839378,0.6387494220515272,26.862501,7.8731,80.7718,6.882497,2025,739302,27.832257118532652,5.948085,1.4275405
2025-02-21,26.519281,52,0.7802958510707755,0.6254105729852463,26.548779,7.8731,80.7718,6.9692197,2025,739303,27.8240993443178,5.657954,1.357909
2025-02-22,26.674633,53,0.7909456567567772,0.6118864012687243,26.519281,7.8731,80.7718,7.1383834,2025,739304,27.81594157010204,6.517989,1.5643175
2025-02-23,26.955332,54,0.8013610881746766,0.5981809144059165,26.674633,7.8731,80.7718,7.018599,2025,739305,27.80778379588719,6.6887813,1.6053076
2025-02-24,26.70088,55,0.8115390590073611,0.5842981736283684,26.955332,7.8731,80.7718,7.2488184,2025,739306,27.79962602167234,6.88437,1.6522489
2025-02-25,26.862501,56,0.8214765533024142,0.5702422926917871,26.70088,7.8731,80.7718,6.857051,2025,739307,27.791468247457487,6.820443,1.6369064
2025-02-26,26.548779,57,0.8311706263658079,0.5560174366570446,26.862501,7.8731,80.7718,6.971954,2025,739308,27.783310473242636,6.822186,1.6373246
2025-02-27,26.519281,58,0.8406184056344782,0.5416278206559814,26.548779,7.8731,80.7718,7.1266594,2025,739309,27.775152699027785,6.9033628,1.6568072
2025-02-28,26.674633,59,0.8498170915275278,0.5270777086423722,26.519281,7.8731,80.7718,7.316547,2025,739310,27.766994924812934,7.2867746,1.7488258
2025-03-01,28.333439,60,0.8587639582758029,0.5123714121284237,26.674633,7.8731,80.7718,6.7028656,2025,739311,27.758837150598083,7.3513684,1.7643285
2025-03-02,28.179846,61,0.8674563547295969,0.49751328890718066,28.333439,7.8731,80.7718,6.4986553,2025,739312,27.750679376383232,7.212362,1.7309668
2025-03-03,28.233654,62,0.8758917051442429,0.48250774176121847,28.179846,7.8731,80.7718,6.400675,2025,739313,27.74252160216838,7.143095,1.7143428
2025-03-04,27.891642,63,0.8840675099433636,0.4673592171580022,28.233654,7.8731,80.7718,6.6626015,2025,739314,27.73436382795353,6.8841615,1.6521989
2025-03-05,28.449291,64,0.8919813464595485,0.45207220393230435,27.891642,7.8731,80.7718,6.8395724,2025,739315,27.72620605373777,7.103598,1.7048635
2025-03-06,28.633675,65,0.8996308696522433,0.43665123195606403,28.449291,7.8731,80.7718,6.5157957,2025,739316,27.718048279522918,6.9759903,1.6742377
2025-03-07,28.632648,66,0.9070138128026359,0.4211008707960896,28.633675,7.8731,80.7718,6.568167,2025,739317,27.709890505308067,7.068588,1.6964612
2025-03-08,28.632648,67,0.9141279881853337,0.40542572835999735,28.632648,7.8731,80.7718,6.3863807,2025,739318,27.701732731093216,6.896893,1.6552545
2025-03-09,28.632648,68,0.9209712877166346,0.38963044953078796,28.632648,7.8731,80.7718,6.403401,2025,739319,27.693574956878365,6.878756,1.6509016
2025-03-10,28.632648,69,0.9275416835791966,0.37371971479046906,28.632648,7.8731,80.7718,6.69218,2025,739320,27.685417182663514,7.067015,1.6960835
2025-03-11,28.632648,70,0.9338372288229252,0.35769823883312546,28.632648,7.8731,80.7718,7.065266,2025,739321,27.677259408448663,6.929951,1.6631882
2025-03-12,28.632648,71,0.9398560579418954,0.3415707691678556,28.632648,7.8731,80.7718,7.1099257,2025,739322,27.66910163423381,6.96643,1.6719434
2025-03-13,28.632648,72,0.9455963874271426,0.3253420847119801,28.632648,7.8731,80.7718,7.0743647,2025,739323,27.66094386001896,6.962374,1.67097
2025-03-14,28.632648,73,0.9510565162951535,0.30901699437494745,28.632648,7.8731,80.7718,7.061395,2025,739324,27.65278608580411,6.9452496,1.6668599
2025-03-15,28.632648,74,0.9562348265919056,0.29260033563334836,28.632648,7.8731,80.7718,7.073387,2025,739325,27.64462831158835,7.019867,1.6847682
2025-03-16,28.632648,75,0.9611297838723007,0.27609697309746883,28.632648,7.8731,80.7718,7.069421,2025,739326,27.636470537373498,7.0159006,1.6838162
2025-03-17,28.632648,76,0.9657399376548549,0.2595117970697999,28.632648,7.8731,80.7718,7.0672436,2025,739327,27.628312763158647,7.0975685,1.7034163
2025-03-18,28.632648,77,0.9700639218515071,0.2428497220959356,28.632648,7.8731,80.7718,7.074786,2025,739328,27.620154988943796,7.105111,1.7052267
2025-03-19,28.632648,78,0.9741004551724205,0.22611568550828828,28.632648,7.8731,80.7718,6.9596014,2025,739329,27.611997214728945,7.072599,1.6974238
2025-03-20,28.632648,79,0.9778483415056568,0.20931464596304847,28.632648,7.8731,80.7718,6.6257377,2025,739330,27.603839440514093,7.3122506,1.7549403
2025-03-21,28.632648,80,0.9813064702716093,0.19245158197082998,28.632648,7.8731,80.7718,6.3927293,2025,739331,27.595681666299242,7.31568,1.7557633
2025-03-22,28.632648,81,0.9844738167520922,0.1755314904214282,28.632648,7.8731,80.7718,6.777497,2025,739332,27.58752389208439,7.128868,1.7109284
2025-03-23,28.632648,82,0.9873494423939864,0.15855938510313475,28.632648,7.8731,80.7718,6.9053,2025,739333,27.57936611786954,7.3387547,1.7613012
2025-03-24,28.632648,83,0.989932495087353,0.141540295217043,28.632648,7.8731,80.7718,6.757175,2025,739334,27.57120834365469,6.715776,1.6117864
2025-03-25,28.632648,84,0.9922222094179323,0.12447926388678915,28.632648,7.8731,80.7718,6.925322,2025,739335,27.56305056943893,7.3493857,1.7638526
2025-03-26,28.632648,85,0.994217906893952,0.10738134666416309,28.632648,7.8731,80.7718,6.8332157,2025,739336,27.554892795224077,7.395978,1.7750348
2025-03-27,28.632648,86,0.995918996147179,0.09025161003104117,28.632648,7.8731,80.7718,6.6292243,2025,739337,27.546735021009226,7.385312,1.772475
2025-03-28,28.632648,87,0.9973249731081555,0.07309512989807777,28.632648,7.8731,80.7718,6.6482487,2025,739338,27.538577246794375,7.267482,1.7441957
2025-03-29,28.632648,88,0.9984354211555643,0.055916990100603484,28.632648,7.8731,80.7718,6.6875362,2025,739339,27.530419472579524,7.277806,1.7466735
2025-03-30,28.632648,89,0.9992500112396835,0.03872228089217446,28.632648,7.8731,80.7718,6.8435373,2025,739340,27.522261698364673,7.1264443,1.7103467
2025-03-31,28.632648,90,0.9997685019798909,0.021516097436222254,28.632648,7.8731,80.7718,6.809249,2025,739341,27.514103924149822,7.053205,1.6927693
2025-04-01,28.396978,91,0.9999907397361901,0.004303538296244289,28.632648,7.8731,80.7718,7.021734,2025,739342,27.50594614993497,7.0524554,1.6925894
2025-04-02,28.566545,92,0.9999166586547379,-0.01291029607500882,28.396978,7.8731,80.7718,7.0367727,2025,739343,27.49778837572012,6.948705,1.6676893
2025-04-03,28.606321,93,0.9995462806873573,-0.030120304846908114,28.566545,7.8731,80.7718,6.6663084,2025,739344,27.48963060150527,7.087006,1.7008815
2025-04-04,28.797905,94,0.9988797155850336,-0.04732138832243185,28.606321,7.8731,80.7718,6.9752903,2025,739345,27.481472827290418,6.91961,1.6607063
2025-04-05,28.788448,95,0.9979171608653922,-0.06450844944931623,28.797905,7.8731,80.7718,6.914707,2025,739346,27.473315053074657,7.031428,1.6875427
2025-04-06,28.788448,96,0.9966589017541702,-0.08167639533042241,28.788448,7.8731,80.7718,6.9987774,2025,739347,27.465157278859806,7.271528,1.7451665
2025-04-07,28.788448,97,0.9951053111006976,-0.09882013873287143,28.788448,7.8731,80.7718,6.9599924,2025,739348,27.456999504644955,6.834539,1.6402893
2025-04-08,28.788448,98,0.9932568492674143,-0.11593459959550041,28.788448,7.8731,80.7718,6.946904,2025,739349,27.448841730430104,6.796434,1.631144
2025-04-09,28.788448,99,0.9911140639934547,-0.1330147065341959,28.788448,7.8731,80.7718,7.0186405,2025,739350,27.440683956215253,7.201161,1.7282786
2025-04-10,28.788448,100,0.9886775902323405,-0.1500553983446526,28.788448,7.8731,80.7718,6.9258165,2025,739351,27.4325261820004,6.8705773,1.6489387
2025-04-11,28.788448,101,0.9859481499638304,-0.16705162550211924,28.788448,7.8731,80.7718,6.9258165,2025,739352,27.42436840778555,6.7321477,1.6157155
2025-04-12,28.788448,102,0.9829265519799822,-0.18399835165768005,28.788448,7.8731,80.7718,6.906543,2025,739353,27.4162106335707,6.7884307,1.6292235
2025-04-13,28.788448,103,0.9796136916454901,-0.20089055513063506,28.788448,7.8731,80.7718,6.902483,2025,739354,27.40805285935585,6.812851,1.6350843
2025-04-14,28.788448,104,0.9760105506323683,-0.21772323039653177,28.788448,7.8731,80.7718,6.834176,2025,739355,27.399895085140997,6.700852,1.6082044
2025-04-15,28.788448,105,0.9721181966290613,-0.23449138957040985,28.788448,7.8731,80.7718,6.8558893,2025,739356,27.391737310925237,6.816672,1.6360013
2025-04-16,28.788448,106,0.9679377830240642,-0.25119006388481935,28.788448,7.8731,80.7718,6.8558893,2025,739357,27.383579536710386,6.8310633,1.6394553
2025-04-17,28.788448,107,0.9634705485641488,-0.2678143051621742,28.788448,7.8731,80.7718,6.876934,2025,739358,27.375421762495534,6.8673964,1.648175
2025-04-18,28.788448,108,0.9587178169872964,-0.2843591872810034,28.788448,7.8731,80.7718,6.8744516,2025,739359,27.367263988280683,6.7031817,1.6087637
2025-04-19,28.788448,109,0.9536809966304457,-0.30081980763566735,28.788448,7.8731,80.7718,6.8293915,2025,739360,27.359106214065832,6.631418,1.5915403
2025-04-20,28.788448,110,0.9483615800121715,-0.3171912885891061,28.788448,7.8731,80.7718,6.8608274,2025,739361,27.35094843985098,6.6418014,1.5940323
2025-04-21,28.788448,111,0.9427611433904207,-0.3334687789181868,28.788448,7.8731,80.7718,6.881011,2025,739362,27.34279066563613,6.6521416,1.5965141
2025-04-22,28.788448,112,0.9368813462954315,-0.3496474552512284,28.788448,7.8731,80.7718,6.861437,2025,739363,27.33463289142128,6.7301903,1.6152458
2025-04-23,28.788448,113,0.9307239310379795,-0.36572252349726897,28.788448,7.8731,80.7718,6.864002,2025,739364,27.326475117206428,6.764793,1.6235502
2025-04-24,28.788448,114,0.9242907221930933,-0.3816892202666588,28.788448,7.8731,80.7718,6.735946,2025,739365,27.318317342991577,6.583009,1.5799222
2025-04-25,28.788448,115,0.9175836260593937,-0.39754281428255595,28.788448,7.8731,80.7718,6.621979,2025,739366,27.310159568776726,6.28797,1.5091128
2025-04-26,28.788448,116,0.9106046300942162,-0.4132786077829042,28.788448,7.8731,80.7718,6.8088045,2025,739367,27.302001794560965,6.6438947,1.5945349
2025-04-27,28.788448,117,0.9033558023246845,-0.4288919379124835,28.788448,7.8731,80.7718,6.803757,2025,739368,27.293844020346114,6.657873,1.5978897
2025-04-28,28.788448,118,0.895839290734909,-0.4443781781046132,28.788448,7.8731,80.7718,6.807548,2025,739369,27.285686246131263,6.653786,1.5969088
2025-04-29,28.788448,119,0.8880573226294932,-0.45973273945210397,28.788448,7.8731,80.7718,6.925073,2025,739370,27.277528471916412,6.7481446,1.6195548
2025-04-30,28.788448,120,0.8800122039735357,-0.47495107206704995,28.788448,7.8731,80.7718,6.8445,2025,739371,27.26937069770156,6.7763095,1.6263144
2025-05-01,28.786608,121,0.8717063187093218,-0.4900286664290592,28.788448,7.8731,80.7718,6.75367,2025,739372,27.26121292348671,6.8112593,1.6347023
2025-05-02,28.787336,122,0.8631421280499114,-0.5049610547215204,28.786608,7.8731,80.7718,6.7479672,2025,739373,27.25305514927186,6.887484,1.6529963
2025-05-03,28.651833,123,0.854322169749827,-0.5197438121555155,28.787336,7.8731,80.7718,6.7783246,2025,739374,27.244897375057008,6.985667,1.6765602
2025-05-04,28.608322,124,0.8452490573530633,-0.5343725582809786,28.651833,7.8731,80.7718,6.792367,2025,739375,27.236739600842157,6.9405026,1.6657207
2025-05-05,28.668358,125,0.8359254794186372,-0.548842958284719,28.608322,7.8731,80.7718,6.701545,2025,739376,27.228581826627305,6.8533826,1.6448119
2025-05-06,28.608322,126,0.8263541987239096,-0.5631507242749186,28.668358,7.8731,80.7718,6.707513,2025,739377,27.220424052411545,6.8534784,1.6448348
2025-05-07,28.668358,127,0.8165380514459161,-0.5772916165517272,28.608322,7.8731,80.7718,6.667128,2025,739378,27.212266278196694,6.792929,1.6303029
2025-05-08,28.608322,128,0.8064799463209448,-0.5912614448635781,28.668358,7.8731,80.7718,6.6695747,2025,739379,27.204108503981843,6.774524,1.625886
2025-05-09,28.668358,129,0.7961828637826158,-0.6050560696488488,28.608322,7.8731,80.7718,6.599188,2025,739380,27.19595072976699,6.7214437,1.6131465
2025-05-10,28.608322,130,0.7856498550787147,-0.6186714032625031,28.668358,7.8731,80.7718,6.614952,2025,739381,27.18779295555214,6.7753315,1.6260796
2025-05-11,28.668358,131,0.7748840413670407,-0.6321034111873487,28.608322,7.8731,80.7718,6.724602,2025,739382,27.17963518133729,6.7620463,1.6228912
2025-05-12,28.608322,132,0.7638886127905428,-0.6453481132295501,28.668358,7.8731,80.7718,6.8163996,2025,739383,27.17147740712244,6.7675014,1.6242003
2025-05-13,28.668358,133,0.7526668275320085,-0.6584015846980488,28.608322,7.8731,80.7718,6.8922896,2025,739384,27.163319632907587,6.7929463,1.6303072
2025-05-14,28.608322,134,0.7412220108485958,-0.6712599575675313,28.668358,7.8731,80.7718,6.8409615,2025,739385,27.155161858692736,6.8017883,1.6324292
2025-05-15,28.668358,135,0.7295575540864875,-0.6839194216246106,28.608322,7.8731,80.7718,6.9744377,2025,739386,27.147004084477885,6.743663,1.618479
2025-05-16,28.608322,136,0.717676913675962,-0.6963762255968722,28.668358,7.8731,80.7718,6.8409615,2025,739387,27.138846310263034,6.7053943,1.6092947
2025-05-17,28.668358,137,0.705583610107178,-0.7086266782644596,28.608322,7.8731,80.7718,6.9609623,2025,739388,27.130688536047273,6.6822724,1.6037455
2025-05-18,28.608322,138,0.6932812268869777,-0.7206671495538609,28.668358,7.8731,80.7718,6.827483,2025,739389,27.122530761832422,6.666188,1.5998851
2025-05-19,28.668358,139,0.6807734094770161,-0.7324940716135789,28.608322,7.8731,80.7718,6.83192,2025,739390,27.11437298761757,6.528589,1.5668614
2025-05-20,28.608322,140,0.6680638642135335,-0.7441039398713607,28.668358,7.8731,80.7718,6.6712537,2025,739391,27.10621521340272,6.528589,1.5668614
2025-05-21,28.668358,141,0.6551563572090853,-0.7554933140726803,28.608322,7.8731,80.7718,6.990283,2025,739392,27.09805743918787,6.835093,1.6404223
2025-05-22,28.608322,142,0.6420547132365637,-0.766658819300159,28.668358,7.8731,80.7718,6.8387547,2025,739393,27.089899664973018,6.835093,1.6404223
2025-05-23,28.668358,143,0.6287628145958344,-0.7775971469736269,28.608322,7.8731,80.7718,6.9325285,2025,739394,27.081741890758167,6.7475815,1.6194196
2025-05-24,28.608322,144,0.6152845999633276,-0.7883050558305255,28.668358,7.8731,80.7718,6.794415,2025,739395,27.073584116543316,6.6648226,1.5995575
2025-05-25,28.668358,145,0.6016240632249226,-0.7987793728863649,28.608322,7.8731,80.7718,6.923556,2025,739396,27.065426342328465,6.649432,1.5958638
2025-05-26,28.608322,146,0.5877852522924732,-0.8090169943749473,28.668358,7.8731,80.7718,6.9082127,2025,739397,27.057268568113614,6.752346,1.6205631
2025-05-27,28.668358,147,0.5737722679043246,-0.8190148866680801,28.608322,7.8731,80.7718,6.979535,2025,739398,27.049110793897853,6.544421,1.5706612
2025-05-28,28.608322,148,0.5595892624101765,-0.8287700871745038,28.668358,7.8731,80.7718,6.808033,2025,739399,27.040953019683002,6.4542575,1.5490218
2025-05-29,28.668358,149,0.545240438540651,-0.8382797052177744,28.608322,7.8731,80.7718,6.969932,2025,739400,27.03279524546815,6.765869,1.6238086
2025-05-30,28.608322,150,0.5307300481619334,-0.8475409228928311,28.668358,7.8731,80.7718,6.8140593,2025,739401,27.0246374712533,6.7718954,1.6252549
2025-05-31,28.209528,151,0.5160623910158528,-0.8565509959010036,28.608322,7.8731,80.7718,6.6357536,2025,739402,27.01647969703845,6.845977,1.6430345
2025-06-01,27.93325,152,0.5012418134457758,-0.865307254363206,28.209528,7.8731,80.7718,6.286906,2025,739403,27.008321922823598,6.8258038,1.6381929
2025-06-02,27.747938,153,0.48627270710868997,-0.8738071036110808,27.93325,7.8731,80.7718,6.613206,2025,739404,27.000164148608746,6.852481,1.6445954
2025-06-03,27.74687,154,0.4711595076738638,-0.8820480249558537,27.747938,7.8731,80.7718,6.4073706,2025,739405,26.992006374393895,6.7382665,1.6171839
2025-06-04,27.74687,155,0.4559066935084588,-0.8900275764346767,27.74687,7.8731,80.7718,6.503718,2025,739406,26.983848600179044,6.7347627,1.6163431
2025-06-05,27.74687,156,0.440518784350495,-0.8977433935342337,27.74687,7.8731,80.7718,6.451135,2025,739407,26.975690825964193,6.64312,1.5943489
2025-06-06,27.74687,157,0.42500033996955416,-0.9051931898913974,27.74687,7.8731,80.7718,6.45117,2025,739408,26.967533051748433,6.6478634,1.5954871
2025-06-07,27.74687,158,0.4093559588156213,-0.9123747579707273,27.74687,7.8731,80.7718,6.471218,2025,739409,26.95937527753358,6.6679115,1.6002986
2025-06-08,27.74687,159,0.39359027665646673,-0.9192859697186104,27.74687,7.8731,80.7718,6.4200974,2025,739410,26.95121750331873,6.5998907,1.5839736
2025-06-09,27.74687,160,0.3777079652039649,-0.9259247771938498,27.74687,7.8731,80.7718,6.453487,2025,739411,26.94305972910388,6.782217,1.6277322
2025-06-10,27.74687,161,0.36171373072976765,-0.9322892131745133,27.74687,7.8731,80.7718,6.47537,2025,739412,26.93490195488903,6.6307287,1.591375
2025-06-11,27.74687,162,0.3456123126707335,-0.9383773917408641,27.74687,7.8731,80.7718,6.4884014,2025,739413,26.926744180674177,6.64376,1.5945024
2025-06-12,27.74687,163,0.3294084822245304,-0.9441875088341993,27.74687,7.8731,80.7718,6.4864864,2025,739414,26.918586406459326,6.641845,1.5940429
2025-06-13,27.74687,164,0.3131070409358269,-0.9497178427914316,27.74687,7.8731,80.7718,6.9191766,2025,739415,26.910428632244475,7.0824733,1.6997936
2025-06-14,27.74687,165,0.29671281927349075,-0.9549667548552551,27.74687,7.8731,80.7718,6.5324707,2025,739416,26.902270858029624,6.7394614,1.6174707
2025-06-15,27.74687,166,0.28023067519921585,-0.9599326896597447,27.74687,7.8731,80.7718,6.486135,2025,739417,26.894113083814773,6.710506,1.6105216
2025-06-16,27.74687,167,0.26366549272800704,-0.9646141756912435,27.74687,7.8731,80.7718,6.582672,2025,739418,26.88595530959992,6.780717,1.627372
2025-06-17,27.74687,168,0.24702218048093552,-0.9690098257244062,27.74687,7.8731,80.7718,6.499336,2025,739419,26.87779753538416,7.0256505,1.6861563
2025-06-18,27.74687,169,0.23030567023061221,-0.9731183372332619,27.74687,7.8731,80.7718,6.499336,2025,739420,26.86963976116931,7.0256505,1.6861563
2025-06-19,27.74687,170,0.21352091543979612,-0.9769384927771817,27.74687,7.8731,80.7718,6.521997,2025,739421,26.86148198695446,7.0394144,1.6894596
2025-06-20,27.74687,171,0.19667288979357647,-0.980469160361632,27.74687,7.8731,80.7718,6.524724,2025,739422,26.853324212739608,7.019468,1.6846724
2025-06-21,27.74687,172,0.1797665857255624,-0.9837092937736097,27.74687,7.8731,80.7718,6.3789983,2025,739423,26.845166438524757,6.81879,1.6365097
2025-06-22,27.74687,173,0.16280701293851715,-0.986657932891657,27.74687,7.8731,80.7718,6.3985343,2025,739424,26.837008664309906,6.886727,1.6528146
2025-06-23,27.74687,174,0.1457991969198751,-0.9893142039703663,27.74687,7.8731,80.7718,6.3432655,2025,739425,26.828850890095055,6.8842163,1.6522119
2025-06-24,27.74687,175,0.12874817745258132,-0.99167731989929,27.74687,7.8731,80.7718,6.3677716,2025,739426,26.820693115880204,6.8842163,1.6522119
2025-06-25,27.74687,176,0.11165900712169512,-0.993746580436178,27.74687,7.8731,80.7718,6.153362,2025,739427,26.812535341665352,6.7478023,1.6194725
2025-06-26,27.74687,177,0.09453674981719912,-0.9955213724144752,27.74687,7.8731,80.7718,6.4542193,2025,739428,26.8043775674505,6.8168163,1.6360359
2025-06-27,27.74687,178,0.07738647923346301,-0.9970011699250151,27.74687,7.8731,80.7718,6.4669695,2025,739429,26.79621979323474,6.8027296,1.6326553
2025-06-28,27.74687,179,0.06021327736579302,-0.9981855344718586,27.74687,7.8731,80.7718,6.405879,2025,739430,26.78806201901989,6.784248,1.6282194
2025-06-29,27.74687,180,0.04302223300453059,-0.99907411510223,27.74687,7.8731,80.7718,6.5097685,2025,739431,26.77990424480504,6.8465986,1.6431838
2025-06-30,27.74687,181,0.02581844022713308,-0.9996666485105112,27.74687,7.8731,80.7718,6.511064,2025,739432,26.771746470590188,6.847894,1.6434946
2025-07-01,27.700603,182,0.008606996888688698,-0.9999629591162655,27.74687,7.8731,80.7718,6.333904,2025,739433,26.763588696375336,7.0221148,1.6853075
2025-07-02,27.307487,183,-0.008606996888688009,-0.9999629591162655,27.700603,7.8731,80.7718,6.2700915,2025,739434,26.755430922160485,6.995787,1.6789889
2025-07-03,27.247416,184,-0.02581844022713239,-0.9996666485105112,27.307487,7.8731,80.7718,6.670448,2025,739435,26.747273147945634,6.7453585,1.618886
2025-07-04,27.311237,185,-0.04302223300453034,-0.99907411510223,27.247416,7.8731,80.7718,6.503847,2025,739436,26.739115373730783,6.648201,1.5955684
2025-07-05,27.247416,186,-0.060213277365792774,-0.9981855344718586,27.311237,7.8731,80.7718,6.703448,2025,739437,26.730957599515932,6.677371,1.6025691
2025-07-06,27.311237,187,-0.07738647923346322,-0.9970011699250151,27.247416,7.8731,80.7718,6.637038,2025,739438,26.72279982530108,6.411375,1.5387301
2025-07-07,27.247416,188,-0.09453674981719933,-0.9955213724144752,27.311237,7.8731,80.7718,6.6780787,2025,739439,26.71464205108623,6.7774844,1.6265963
2025-07-08,27.311237,189,-0.11165900712169444,-0.9937465804361781,27.247416,7.8731,80.7718,6.2390575,2025,739440,26.70648427687047,6.6763635,1.6023271
2025-07-09,27.247416,190,-0.12874817745258066,-0.99167731989929,27.311237,7.8731,80.7718,6.712743,2025,739441,26.69832650265562,6.8671613,1.6481187
2025-07-10,27.311237,191,-0.14579919691987442,-0.9893142039703664,27.247416,7.8731,80.7718,6.4722276,2025,739442,26.690168728440767,6.7540746,1.620978
2025-07-11,27.247416,192,-0.16280701293851646,-0.9866579328916572,27.311237,7.8731,80.7718,6.6495695,2025,739443,26.682010954225916,6.803988,1.6329572
2025-07-12,27.311237,193,-0.17976658572556214,-0.9837092937736098,27.247416,7.8731,80.7718,6.456741,2025,739444,26.673853180011065,6.8812222,1.6514933
2025-07-13,27.247416,194,-0.19667288979357622,-0.9804691603616321,27.311237,7.8731,80.7718,6.747401,2025,739445,26.665695405796214,7.017449,1.6841879
2025-07-14,27.311237,195,-0.2135209154397959,-0.9769384927771817,27.247416,7.8731,80.7718,6.4553494,2025,739446,26.657537631581363,6.950854,1.668205
2025-07-15,27.247416,196,-0.23030567023061196,-0.973118337233262,27.311237,7.8731,80.7718,6.6616836,2025,739447,26.64937985736651,6.78949,1.6294777
2025-07-16,27.311237,197,-0.24702218048093527,-0.9690098257244063,27.247416,7.8731,80.7718,6.18947,2025,739448,26.64122208315166,6.420709,1.5409703
2025-07-17,27.247416,198,-0.2636654927280072,-0.9646141756912435,27.311237,7.8731,80.7718,6.5451255,2025,739449,26.63306430893681,6.497669,1.5594406
2025-07-18,27.311237,199,-0.2802306751992161,-0.9599326896597445,27.247416,7.8731,80.7718,6.364136,2025,739450,26.62490653472105,6.4385767,1.5452583
2025-07-19,27.247416,200,-0.2967128192734901,-0.9549667548552553,27.311237,7.8731,80.7718,6.4902706,2025,739451,26.616748760506198,6.4385767,1.5452583
2025-07-20,27.311237,201,-0.3131070409358267,-0.9497178427914317,27.247416,7.8731,80.7718,6.7367883,2025,739452,26.608590986291347,6.8233175,1.6375962
2025-07-21,27.247416,202,-0.3294084822245302,-0.9441875088341994,27.311237,7.8731,80.7718,6.550151,2025,739453,26.600433212076496,6.5468225,1.5712376
2025-07-22,27.311237,203,-0.3456123126707333,-0.9383773917408642,27.247416,7.8731,80.7718,6.4615703,2025,739454,26.592275437861645,6.5487375,1.571697
2025-07-23,27.247416,204,-0.3617137307297674,-0.9322892131745134,27.311237,7.8731,80.7718,6.5643992,2025,739455,26.584117663646794,6.564881,1.5755715
2025-07-24,27.311237,205,-0.37770796520396466,-0.9259247771938499,27.247416,7.8731,80.7718,6.5109625,2025,739456,26.575959889431942,6.520827,1.5649985
2025-07-25,27.247416,206,-0.39359027665646645,-0.9192859697186105,27.311237,7.8731,80.7718,6.552421,2025,739457,26.56780211521709,6.4324,1.5437762
2025-07-26,27.311237,207,-0.4093559588156211,-0.9123747579707274,27.247416,7.8731,80.7718,6.501875,2025,739458,26.55964434100224,6.471172,1.5530813
2025-07-27,27.247416,208,-0.42500033996955394,-0.9051931898913975,27.311237,7.8731,80.7718,6.565773,2025,739459,26.55148656678739,6.4675107,1.5522027
2025-07-28,27.311237,209,-0.4405187843504952,-0.8977433935342336,27.247416,7.8731,80.7718,6.4057117,2025,739460,26.54332879257163,6.3464994,1.5231597
2025-07-29,27.247416,210,-0.455906693508459,-0.8900275764346766,27.311237,7.8731,80.7718,6.769699,2025,739461,26.535171018356777,6.6482897,1.5955894
2025-07-30,27.311237,211,-0.47115950767386394,-0.8820480249558535,27.247416,7.8731,80.7718,6.5123434,2025,739462,26.527013244141926,6.4586563,1.5500776
2025-07-31,27.284056,212,-0.4862727071086902,-0.8738071036110807,27.311237,7.8731,80.7718,6.572967,2025,739463,26.518855469927075,6.5340724,1.5681775
2025-08-01,27.382011,213,-0.5012418134457756,-0.8653072543632061,27.284056,7.8731,80.7718,6.5505724,2025,739464,26.510697695712224,6.3454366,1.5229049
2025-08-02,27.285412,214,-0.5160623910158526,-0.8565509959010037,27.382011,7.8731,80.7718,6.5058,2025,739465,26.502539921497373,6.394836,1.5347607
2025-08-03,27.147587,215,-0.5307300481619331,-0.8475409228928312,27.285412,7.8731,80.7718,6.3681965,2025,739466,26.494382147282522,6.455851,1.5494044
2025-08-04,26.65396,216,-0.5452404385406507,-0.8382797052177745,27.147587,7.8731,80.7718,6.664826,2025,739467,26.48622437306767,6.470956,1.5530295
2025-08-05,27.197905,217,-0.5595892624101763,-0.828770087174504,26.65396,7.8731,80.7718,6.3952208,2025,739468,26.47806659885282,6.4769163,1.55446
2025-08-06,27.540628,218,-0.5737722679043243,-0.8190148866680802,27.197905,7.8731,80.7718,6.6931443,2025,739469,26.46990882463797,6.4265747,1.542378
2025-08-07,26.836926,219,-0.5877852522924734,-0.8090169943749472,27.540628,7.8731,80.7718,6.680021,2025,739470,26.461751050423118,6.501811,1.5604346
2025-08-08,26.168184,220,-0.6016240632249227,-0.7987793728863648,26.836926,7.8731,80.7718,6.4799514,2025,739471,26.453593276207357,6.388978,1.5333549
2025-08-09,26.18474,221,-0.6152845999633277,-0.7883050558305253,26.168184,7.8731,80.7718,6.4799514,2025,739472,26.445435501992506,6.388978,1.5333549
2025-08-10,26.27187,222,-0.6287628145958345,-0.7775971469736268,26.18474,7.8731,80.7718,6.4100404,2025,739473,26.437277727777655,6.2998295,1.5119591
2025-08-11,26.371912,223,-0.6420547132365636,-0.7666588193001592,26.27187,7.8731,80.7718,6.354597,2025,739474,26.429119953562804,6.3751745,1.5300419
2025-08-12,26.85862,224,-0.655156357209085,-0.7554933140726804,26.371912,7.8731,80.7718,6.567662,2025,739475,26.420962179347953,6.4444056,1.5466573
2025-08-13,26.984798,225,-0.6680638642135333,-0.7441039398713608,26.85862,7.8731,80.7718,6.5267653,2025,739476,26.4128044051331,6.45382,1.5489168
2025-08-14,27.076952,226,-0.6807734094770159,-0.7324940716135792,26.984798,7.8731,80.7718,6.3674583,2025,739477,26.40464663091825,6.415272,1.5396655
2025-08-15,26.651878,227,-0.6932812268869771,-0.7206671495538615,27.076952,7.8731,80.7718,6.633389,2025,739478,26.3964888567034,6.491959,1.5580702
2025-08-16,27.197905,228,-0.7055836101071774,-0.70862667826446,26.651878,7.8731,80.7718,6.4342713,2025,739479,26.38833108248855,6.5406575,1.5697579
2025-08-17,27.540628,229,-0.7176769136759615,-0.6963762255968726,27.197905,7.8731,80.7718,6.6948133,2025,739480,26.380173308273697,6.5258822,1.5662117
2025-08-18,26.836926,230,-0.7295575540864876,-0.6839194216246105,27.540628,7.8731,80.7718,6.6052814,2025,739481,26.372015534057937,6.518562,1.5644549
2025-08-19,26.168184,231,-0.7412220108485957,-0.6712599575675315,26.836926,7.8731,80.7718,6.5558043,2025,739482,26.363857759843086,6.515523,1.5637255
2025-08-20,26.18474,232,-0.7526668275320083,-0.6584015846980489,26.168184,7.8731,80.7718,6.521928,2025,739483,26.355699985628235,6.5243397,1.5658417
2025-08-21,26.27187,233,-0.7638886127905429,-0.64534811322955,26.18474,7.8731,80.7718,6.4948816,2025,739484,26.347542211413383,6.487429,1.556983
2025-08-22,26.371912,234,-0.7748840413670406,-0.6321034111873488,26.27187,7.8731,80.7718,5.928534,2025,739485,26.339384437198532,5.932917,1.4239001
2025-08-23,26.85862,235,-0.7856498550787144,-0.6186714032625032,26.371912,7.8731,80.7718,5.981559,2025,739486,26.33122666298368,5.993552,1.4384525
2025-08-24,26.984798,236,-0.7961828637826154,-0.6050560696488494,26.85862,7.8731,80.7718,6.629238,2025,739487,26.32306888876883,6.6697574,1.6007419
2025-08-25,27.076952,237,-0.8064799463209447,-0.5912614448635782,26.984798,7.8731,80.7718,6.553684,2025,739488,26.31491111455398,6.7800617,1.6272149
2025-08-26,26.651878,238,-0.8165380514459157,-0.5772916165517278,27.076952,7.8731,80.7718,6.7757306,2025,739489,26.306753340339128,6.8724885,1.6493974
2025-08-27,27.197905,239,-0.8263541987239094,-0.5631507242749187,26.651878,7.8731,80.7718,6.5971823,2025,739490,26.298595566124277,6.861153,1.6466768
2025-08-28,27.540628,240,-0.8359254794186365,-0.5488429582847199,27.197905,7.8731,80.7718,6.839656,2025,739491,26.290437791909426,6.8472695,1.6433448
2025-08-29,26.836926,241,-0.8452490573530634,-0.5343725582809785,27.540628,7.8731,80.7718,6.67276,2025,739492,26.282280017693665,6.765534,1.6237283
2025-08-30,25.803642,242,-0.8543221697498269,-0.5197438121555157,26.836926,7.8731,80.7718,6.668398,2025,739493,26.274122243478814,6.771856,1.6252453
2025-08-31,26.367357,243,-0.8631421280499115,-0.5049610547215202,25.803642,7.8731,80.7718,6.6845264,2025,739494,26.265964469263963,6.732699,1.6158478
2025-09-01,26.139608,244,-0.8717063187093217,-0.4900286664290594,26.367357,7.8731,80.7718,6.725606,2025,739495,26.257806695049112,6.812058,1.634894
2025-09-02,26.157373,245,-0.8800122039735356,-0.4749510720670502,26.139608,7.8731,80.7718,6.6976895,2025,739496,26.24964892083426,6.8192554,1.6366214
2025-09-03,26.160465,246,-0.888057322629493,-0.4597327394521046,26.157373,7.8731,80.7718,6.967047,2025,739497,26.24149114661941,6.958114,1.6699474
2025-09-04,26.160465,247,-0.8958392907349089,-0.4443781781046134,26.160465,7.8731,80.7718,6.9779034,2025,739498,26.23333337240456,6.9689703,1.672553
2025-09-05,26.160465,248,-0.9033558023246842,-0.4288919379124841,26.160465,7.8731,80.7718,6.9938273,2025,739499,26.225175598189708,6.9880323,1.6771278
2025-09-06,26.160465,249,-0.9106046300942162,-0.41327860778290443,26.160465,7.8731,80.7718,6.9096484,2025,739500,26.217017823974857,6.9038534,1.6569247
2025-09-07,26.160465,250,-0.9175836260593934,-0.3975428142825566,26.160465,7.8731,80.7718,6.7049594,2025,739501,26.208860049760005,6.6991644,1.6077995
2025-09-08,26.160465,251,-0.9242907221930934,-0.3816892202666586,26.160465,7.8731,80.7718,6.719556,2025,739502,26.200702275544245,6.713761,1.6113027
2025-09-09,26.160465,252,-0.9307239310379793,-0.3657225234972692,26.160465,7.8731,80.7718,6.675468,2025,739503,26.192544501329394,6.675468,1.6021124
2025-09-10,26.160465,253,-0.9368813462954315,-0.34964745525122826,26.160465,7.8731,80.7718,6.5249777,2025,739504,26.184386727114543,6.5249777,1.5659947
2025-09-11,26.160465,254,-0.9427611433904206,-0.33346877891818705,26.160465,7.8731,80.7718,6.776728,2025,739505,26.17622895289969,6.776728,1.6264148
2025-09-12,26.160465,255,-0.9483615800121716,-0.31719128858910595,26.160465,7.8731,80.7718,6.69734,2025,739506,26.16807117868484,6.69734,1.6073617
2025-09-13,26.160465,256,-0.9536809966304455,-0.300819807635668,26.160465,7.8731,80.7718,7.0390105,2025,739507,26.15991340446999,6.9662566,1.6719015
2025-09-14,26.160465,257,-0.9587178169872964,-0.2843591872810036,26.160465,7.8731,80.7718,6.3663154,2025,739508,26.15175563025514,6.398893,1.5357344
2025-09-15,26.160465,258,-0.9634705485641486,-0.26781430516217486,26.160465,7.8731,80.7718,6.451172,2025,739509,26.143597856040287,6.4837494,1.5561
2025-09-16,26.160465,259,-0.9679377830240642,-0.25119006388481957,26.160465,7.8731,80.7718,6.4391856,2025,739510,26.135440081825436,6.471763,1.5532233
2025-09-17,26.160465,260,-0.9721181966290612,-0.23449138957041052,26.160465,7.8731,80.7718,6.4602513,2025,739511,26.127282307610585,6.449742,1.5479381
2025-09-18,26.160465,261,-0.9760105506323682,-0.21772323039653224,26.160465,7.8731,80.7718,6.45434,2025,739512,26.119124533394825,6.4438305,1.5465193
2025-09-19,26.160465,262,-0.9796136916454901,-0.20089055513063528,26.160465,7.8731,80.7718,6.3122215,2025,739513,26.110966759179973,6.217372,1.4921693
2025-09-20,26.160465,263,-0.9829265519799822,-0.18399835165767986,26.160465,7.8731,80.7718,6.5205364,2025,739514,26.102808984965122,6.442149,1.5461159
2025-09-21,26.160465,264,-0.9859481499638303,-0.1670516255021195,26.160465,7.8731,80.7718,6.4429636,2025,739515,26.09465121075027,6.3645763,1.5274984
2025-09-22,26.160465,265,-0.9886775902323404,-0.15005539834465262,26.160465,7.8731,80.7718,6.5980277,2025,739516,26.08649343653542,6.4914503,1.5579482
2025-09-23,26.160465,266,-0.9911140639934546,-0.13301470653419636,26.160465,7.8731,80.7718,6.613689,2025,739517,26.07833566232057,6.5071115,1.5617069
2025-09-24,26.160465,267,-0.9932568492674143,-0.11593459959550066,26.160465,7.8731,80.7718,6.66391,2025,739518,26.070177888105718,6.569641,1.5767138
2025-09-25,26.160465,268,-0.9951053111006974,-0.09882013873287211,26.160465,7.8731,80.7718,6.603299,2025,739519,26.062020113890867,6.4686713,1.5524812
2025-09-26,26.160465,269,-0.99665890175417,-0.08167639533042288,26.160465,7.8731,80.7718,6.353573,2025,739520,26.053862339676016,6.4484015,1.5476165
2025-09-27,26.160465,270,-0.9979171608653922,-0.06450844944931625,26.160465,7.8731,80.7718,6.228799,2025,739521,26.045704565461165,6.4770646,1.5544956
2025-09-28,26.160465,271,-0.9988797155850335,-0.04732138832243232,26.160465,7.8731,80.7718,6.2194233,2025,739522,26.037546791246314,6.452839,1.5486814
2025-09-29,26.160465,272,-0.9995462806873573,-0.03012030484690836,26.160465,7.8731,80.7718,6.4534354,2025,739523,26.029389017030553,6.6647534,1.599541
2025-09-30,26.370455,273,-0.9999166586547379,-0.012910296075008843,26.160465,7.8731,80.7718,6.4180865,2025,739524,26.021231242815702,6.214009,1.4913621
2025-10-01,26.019884,274,-0.9999907397361901,0.004303538296243821,26.370455,7.8731,80.7718,6.1231523,2025,739525,26.01307346860085,6.1231523,1.4695566
2025-10-02,25.326557,275,-0.9997685019798909,0.021516097436222233,26.019884,7.8731,80.7718,6.415532,2025,739526,26.004915694386,6.383593,1.5320624
2025-10-03,24.521202,276,-0.9992500112396835,0.03872228089217399,25.326557,7.8731,80.7718,6.2792554,2025,739527,25.99675792017115,6.7328777,1.6158907
2025-10-04,24.145008,277,-0.9984354211555643,0.05591699010060302,24.521202,7.8731,80.7718,5.709376,2025,739528,25.988600145956298,6.5872765,1.5809464
2025-10-05,24.562483,278,-0.9973249731081555,0.07309512989807776,24.145008,7.8731,80.7718,6.0522013,2025,739529,25.980442371741447,6.574867,1.5779681
2025-10-06,24.27571,279,-0.9959189961471792,0.0902516100310407,24.562483,7.8731,80.7718,5.3219943,2025,739530,25.972284597526595,6.585275,1.580466
2025-10-07,24.396599,280,-0.994217906893952,0.10738134666416306,24.27571,7.8731,80.7718,5.442361,2025,739531,25.964126823311744,6.546194,1.5710866
2025-10-08,24.886171,281,-0.9922222094179324,0.12447926388678869,24.396599,7.8731,80.7718,6.208741,2025,739532,25.955969049096893,6.1816025,1.4835846
2025-10-09,25.330196,282,-0.989932495087353,0.141540295217043,24.886171,7.8731,80.7718,6.242011,2025,739533,25.947811274881133,5.982815,1.4358757
2025-10-10,24.521202,283,-0.9873494423939864,0.15855938510313475,25.330196,7.8731,80.7718,5.931475,2025,739534,25.93965350066628,6.4189124,1.540539
2025-10-11,24.145008,284,-0.9844738167520923,0.17553149042142777,24.521202,7.8731,80.7718,5.5240107,2025,739535,25.93149572645143,6.4640007,1.5513601
2025-10-12,24.562483,285,-0.9813064702716093,0.19245158197082995,24.145008,7.8731,80.7718,6.2003646,2025,739536,25.92333795223658,6.430715,1.5433717
2025-10-13,24.27571,286,-0.9778483415056567,0.20931464596304888,24.562483,7.8731,80.7718,6.0253987,2025,739537,25.91518017802173,6.501558,1.5603738
2025-10-14,24.396599,287,-0.9741004551724206,0.22611568550828803,24.27571,7.8731,80.7718,5.8764625,2025,739538,25.907022403806877,6.4265537,1.542373
2025-10-15,24.886171,288,-0.970063921851507,0.2428497220959358,24.396599,7.8731,80.7718,6.710533,2025,739539,25.898864629592026,6.6009088,1.5842181
2025-10-16,25.330196,289,-0.965739937654855,0.25951179706979943,24.886171,7.8731,80.7718,6.8106127,2025,739540,25.890706855377175,6.384283,1.532228
2025-10-17,24.521202,290,-0.9611297838723007,0.27609697309746883,25.330196,7.8731,80.7718,6.249992,2025,739541,25.882549081162324,6.329978,1.5191948
2025-10-18,24.145008,291,-0.9562348265919058,0.2926003356333479,24.521202,7.8731,80.7718,5.697281,2025,739542,25.874391306947473,6.3745136,1.5298831
2025-10-19,24.562483,292,-0.9510565162951536,0.30901699437494723,24.145008,7.8731,80.7718,6.4267926,2025,739543,25.866233532732622,6.850344,1.6440828
2025-10-20,24.27571,293,-0.9455963874271428,0.3253420847119795,24.562483,7.8731,80.7718,6.172809,2025,739544,25.85807575851686,6.7108765,1.6106105
2025-10-21,24.396599,294,-0.9398560579418953,0.341570769167856,24.27571,7.8731,80.7718,5.4343457,2025,739545,25.84991798430201,6.969396,1.6726552
2025-10-22,24.886171,295,-0.9338372288229252,0.35769823883312546,24.396599,7.8731,80.7718,7.042721,2025,739546,25.84176021008716,7.0150757,1.6836181
2025-10-23,25.330196,296,-0.9275416835791965,0.3737197147904692,24.886171,7.8731,80.7718,6.7116,2025,739547,25.833602435872308,6.613556,1.5872536
2025-10-24,24.521202,297,-0.9209712877166347,0.38963044953078774,25.330196,7.8731,80.7718,6.400944,2025,739548,25.825444661657457,6.6684165,1.6004201
2025-10-25,24.145008,298,-0.9141279881853337,0.4054257283599973,24.521202,7.8731,80.7718,6.1645207,2025,739549,25.817286887442606,6.365065,1.5276157
2025-10-26,24.562483,299,-0.9070138128026362,0.42110087079608916,24.145008,7.8731,80.7718,6.419105,2025,739550,25.809129113227755,6.6832886,1.6039894
2025-10-27,24.27571,300,-0.8996308696522434,0.4366512319560638,24.562483,7.8731,80.7718,6.257371,2025,739551,25.800971339012904,6.8470716,1.6432972
2025-10-28,24.396599,301,-0.8919813464595487,0.45207220393230374,24.27571,7.8731,80.7718,6.0864644,2025,739552,25.792813564798053,6.853651,1.6448762
2025-10-29,24.886171,302,-0.8840675099433637,0.46735921715800205,24.396599,7.8731,80.7718,6.2761855,2025,739553,25.7846557905832,6.74201,1.6180825
2025-10-30,25.282742,303,-0.8758917051442433,0.48250774176121763,24.886171,7.8731,80.7718,6.7437234,2025,739554,25.77649801636744,6.700887,1.608213
2025-10-31,25.070843,304,-0.8674563547295971,0.4975132889071803,25.282742,7.8731,80.7718,6.652424,2025,739555,25.76834024215259,6.698665,1.6076796
2025-11-01,25.22477,305,-0.858763958275803,0.5123714121284235,25.070843,7.8731,80.7718,6.8706026,2025,739556,25.76018246793774,6.6961246,1.60707
2025-11-02,25.12289,306,-0.8498170915275277,0.5270777086423724,25.22477,7.8731,80.7718,6.407808,2025,739557,25.752024693722888,6.6585507,1.5980523
2025-11-03,25.68441,307,-0.8406184056344783,0.5416278206559811,25.12289,7.8731,80.7718,6.7023077,2025,739558,25.743866919508037,6.7145247,1.611486
2025-11-04,25.610405,308,-0.8311706263658079,0.5560174366570446,25.68441,7.8731,80.7718,6.7132797,2025,739559,25.735709145293185,6.744639,1.6187135
2025-11-05,25.61892,309,-0.8214765533024145,0.5702422926917867,25.610405,7.8731,80.7718,6.7088575,2025,739560,25.727551371078334,6.7304955,1.615319
2025-11-06,24.71115,310,-0.8115390590073611,0.5842981736283683,25.61892,7.8731,80.7718,6.703608,2025,739561,25.719393596863483,6.657765,1.5978637
2025-11-07,25.006517,311,-0.801361088174677,0.5981809144059158,24.71115,7.8731,80.7718,6.702341,2025,739562,25.711235822648632,6.725765,1.6141838
2025-11-08,25.760067,312,-0.7909456567567774,0.6118864012687242,25.006517,7.8731,80.7718,6.517672,2025,739563,25.70307804843378,6.5657167,1.575772
2025-11-09,25.393835,313,-0.780295851070776,0.6254105729852457,25.760067,7.8731,80.7718,6.695712,2025,739564,25.69492027421893,6.5831366,1.579953
2025-11-10,25.12695,314,-0.7694148268839381,0.6387494220515268,25.393835,7.8731,80.7718,6.320111,2025,739565,25.68676250000317,6.609918,1.5863805
2025-11-11,25.68441,315,-0.7583058084785625,0.6518989958787125,25.12695,7.8731,80.7718,6.50921,2025,739566,25.67860472578832,6.50921,1.5622106
2025-11-12,25.610405,316,-0.7469720876965551,0.6648553979642866,25.68441,7.8731,80.7718,6.526986,2025,739567,25.670446951573467,6.506721,1.5616132
2025-11-13,25.61892,317,-0.7354170229639858,0.6776147890466887,25.610405,7.8731,80.7718,5.478619,2025,739568,25.662289177358616,5.5261087,1.326266
2025-11-14,24.71115,318,-0.7236440382959124,0.690173388242972,25.61892,7.8731,80.7718,5.324562,2025,739569,25.654131403143765,5.4756308,1.3141514
2025-11-15,25.006517,319,-0.711656622281775,0.7025274741691566,24.71115,7.8731,80.7718,5.228711,2025,739570,25.645973628928914,5.569864,1.3367674
2025-11-16,25.760067,320,-0.6994583270516471,0.7146733860429608,25.006517,7.8731,80.7718,5.4257207,2025,739571,25.637815854714063,5.369951,1.2887883
2025-11-17,25.393835,321,-0.6870527672236675,0.7266075247685652,25.760067,7.8731,80.7718,5.5596237,2025,739572,25.629658080499212,5.3618026,1.2868326
2025-11-18,25.12695,322,-0.6744436188329457,0.7383263540031063,25.393835,7.8731,80.7718,5.2745857,2025,739573,25.62150030628436,5.4081264,1.2979505
2025-11-19,25.68441,323,-0.661634618242279,0.749826401204568,25.12695,7.8731,80.7718,5.513565,2025,739574,25.61334253206951,5.395835,1.2950004
2025-11-20,25.610405,324,-0.6486295610349818,0.7611042586607742,25.68441,7.8731,80.7718,5.5248084,2025,739575,25.60518475785375,5.5636206,1.335269
2025-11-21,25.61892,325,-0.6354323008901775,0.7721565844991641,25.610405,7.8731,80.7718,5.4348865,2025,739576,25.597026983638898,5.5014234,1.3203416
2025-11-22,24.71115,326,-0.622046748440868,0.7829801036770624,25.61892,7.8731,80.7718,5.0897474,2025,739577,25.588869209424047,5.479744,1.3151386
2025-11-23,25.006517,327,-0.6084768701151264,0.7935716089521472,24.71115,7.8731,80.7718,4.8357673,2025,739578,25.580711435209196,5.2263894,1.2543335
2025-11-24,25.760067,328,-0.594726686960764,0.8039279618328208,25.006517,7.8731,80.7718,4.973525,2025,739579,25.572553660994345,5.266366,1.2639279
2025-11-25,25.393835,329,-0.5808002734538013,0.8140460935082175,25.760067,7.8731,80.7718,5.2500367,2025,739580,25.564395886779494,5.231607,1.2555857
2025-11-26,25.12695,330,-0.5667017562911184,0.8239230057575536,25.393835,7.8731,80.7718,4.841169,2025,739581,25.556238112564643,5.202208,1.2485299
2025-11-27,25.68441,331,-0.5524353131676203,0.8335557718385695,25.12695,7.8731,80.7718,5.1946344,2025,739582,25.54808033834979,5.2487054,1.2596893
2025-11-28,25.610405,332,-0.5380051715382992,0.8429415373547832,25.68441,7.8731,80.7718,5.1093445,2025,739583,25.53992256413494,5.215821,1.251797
2025-11-29,25.61892,333,-0.5234156073655503,0.8520775211013093,25.610405,7.8731,80.7718,5.092023,2025,739584,25.53176478992009,5.198499,1.2476399
2025-11-30,25.393019,334,-0.5086709438521042,0.8609610158889945,25.61892,7.8731,80.7718,5.2158155,2025,739585,25.52360701570433,5.175572,1.2421373
2025-12-01,24.827246,335,-0.49377555015997737,0.8695893893466109,25.393019,7.8731,80.7718,4.734713,2025,739586,25.515449241489478,4.893953,1.1745487
2025-12-02,24.45214,336,-0.4787338401157883,0.8779600847008883,24.827246,7.8731,80.7718,4.8607707,2025,739587,25.507291467274626,4.906696,1.1776069
2025-12-03,24.854057,337,-0.4635502709028512,0.8860706215341378,24.45214,7.8731,80.7718,4.791813,2025,739588,25.499133693059775,4.9941635,1.1985993
2025-12-04,24.45214,338,-0.4482293417404106,0.893918596519257,24.854057,7.8731,80.7718,4.8278694,2025,739589,25.490975918844924,4.9433727,1.1864095
2025-12-05,24.854057,339,-0.4327755925504317,0.9015016841318838,24.45214,7.8731,80.7718,4.515056,2025,739590,25.482818144630073,4.9735537,1.1936529
2025-12-06,24.45214,340,-0.41719360261231697,0.9088176373395028,24.854057,7.8731,80.7718,4.667242,2025,739591,25.474660370415222,4.8220587,1.157294
2025-12-07,24.854057,341,-0.4014879892059737,0.9158642882672868,24.45214,7.8731,80.7718,4.234059,2025,739592,25.46650259620037,4.751704,1.140409
2025-12-08,24.45214,342,-0.38566340624360745,0.9226395488404875,24.854057,7.8731,80.7718,4.631913,2025,739593,25.45834482198552,4.804357,1.1530457
2025-12-09,24.854057,343,-0.3697245428906732,0.9291414114031743,24.45214,7.8731,80.7718,4.5021977,2025,739594,25.45018704777067,5.0935016,1.2224405
2025-12-10,24.45214,344,-0.3536761221763721,0.935367949313148,24.854057,7.8731,80.7718,4.880886,2025,739595,25.442029273555818,5.065711,1.2157707
2025-12-11,24.854057,345,-0.33752289959411347,0.941317317512847,24.45214,7.8731,80.7718,4.518365,2025,739596,25.433871499340057,5.029957,1.2071896
2025-12-12,24.45214,346,-0.32126966169236515,0.9469877530760751,24.854057,7.8731,80.7718,4.8203273,2025,739597,25.425713725125206,4.9896507,1.1975162
2025-12-13,24.854057,347,-0.3049212246562894,0.9523775757303973,24.45214,7.8731,80.7718,4.503744,2025,739598,25.417555950910355,5.0332313,1.2079756
2025-12-14,24.45214,348,-0.2884824328806098,0.9574851883550389,24.854057,7.8731,80.7718,4.754967,2025,739599,25.409398176695504,5.1806297,1.2433512
2025-12-15,24.854057,349,-0.27195815753410524,0.9623090774541487,24.45214,7.8731,80.7718,4.4326563,2025,739600,25.401240402480653,4.9126,1.1790241
2025-12-16,24.45214,350,-0.2553532951161881,0.9668478136052773,24.854057,7.8731,80.7718,4.665896,2025,739601,25.3930826282658,4.905223,1.1772535
2025-12-17,24.854057,351,-0.23867276600594997,0.9711000518829505,24.45214,7.8731,80.7718,4.69387,2025,739602,25.38492485405095,5.019274,1.2046258
2025-12-18,24.45214,352,-0.22192151300416674,0.9750645322571945,24.854057,7.8731,80.7718,4.795324,2025,739603,25.3767670798361,4.8406835,1.161764
2025-12-19,24.854057,353,-0.20510449986861926,0.9787400799669153,24.45214,7.8731,80.7718,4.6758537,2025,739604,25.36860930562125,4.8883767,1.1732105
2025-12-20,24.45214,354,-0.1882267098432439,0.9821256058680006,24.854057,7.8731,80.7718,5.173534,2025,739605,25.360451531406397,4.9659853,1.1918366
2025-12-21,24.854057,355,-0.1712931441814778,0.9852201067560606,24.45214,7.8731,80.7718,4.8179517,2025,739606,25.352293757190637,4.560888,1.0946131
2025-12-22,24.45214,356,-0.154308820664281,0.9880226656636976,24.854057,7.8731,80.7718,5.430189,2025,739607,25.344135982975786,4.4940395,1.0785695
2025-12-23,24.854057,357,-0.13727877211326517,0.9905324521322227,24.45214,7.8731,80.7718,5.255158,2025,739608,25.335978208760935,5.15663,1.2375913
2025-12-24,24.45214,358,-0.12020804489935275,0.9927487224577402,24.854057,7.8731,80.7718,5.467846,2025,739609,25.327820434546084,5.2640705,1.263377
2025-12-25,24.854057,359,-0.10310169744743544,0.9946708199115211,24.45214,7.8731,80.7718,5.0971446,2025,739610,25.319662660331232,5.118962,1.2285509
2025-12-26,24.45214,360,-0.0859647987374467,0.9962981749346077,24.854057,7.8731,80.7718,5.41111,2025,739611,25.31150488611638,5.185732,1.2445757
2025-12-27,24.854057,361,-0.06880242680232064,0.9976303053065857,24.45214,7.8731,80.7718,5.0158606,2025,739612,25.30334711190153,5.055908,1.213418
2025-12-28,24.45214,362,-0.05161966722325418,0.9986668162884759,24.854057,7.8731,80.7718,5.315756,2025,739613,25.29518933768668,5.0467176,1.2112122
2025-12-29,24.854057,363,-0.034421611622745804,0.9994074007397048,24.45214,7.8731,80.7718,4.711931,2025,739614,25.287031563471828,4.7483964,1.1396152
2025-12-30,24.446766,364,-0.01721335615583528,0.9998518392091162,24.854057,7.8731,80.7718,4.909177,2025,739615,25.278873789256977,4.910021,1.178405
2025-12-31,24.61196,365,6.432490598706546e-16,1.0,24.446766,7.8731,80.7718,4.8361,2025,739616,25.270716015042126,4.9294205,1.183061
2026-01-01,24.645325,1,0.017213356155834685,0.9998518392091162,24.61196,7.8731,80.7718,5.0267506,2026,739617,25.262558240826365,5.0667734,1.2160256
