date,lat,lon,T2M,predicted_solar_irradiance
2025-01-02,7.8731,80.7718,25.398539,5.6575704
2025-01-03,7.8731,80.7718,25.723478,5.9918337
2025-01-04,7.8731,80.7718,25.714857,5.830603
2025-01-05,7.8731,80.7718,25.349566,5.3147225
2025-01-06,7.8731,80.7718,25.317636,5.616149
2025-01-07,7.8731,80.7718,25.229307,5.632592
2025-01-08,7.8731,80.7718,25.246557,5.872358
2025-01-09,7.8731,80.7718,25.628283,5.6151166
2025-01-10,7.8731,80.7718,25.643137,5.1800947
2025-01-11,7.8731,80.7718,25.643137,5.800368
2025-01-12,7.8731,80.7718,25.643137,5.705025
2025-01-13,7.8731,80.7718,25.643137,5.4388905
2025-01-14,7.8731,80.7718,25.643137,6.0437737
2025-01-15,7.8731,80.7718,25.643137,6.0824227
2025-01-16,7.8731,80.7718,25.643137,5.951749
2025-01-17,7.8731,80.7718,25.643137,6.042708
2025-01-18,7.8731,80.7718,25.643137,6.0739565
2025-01-19,7.8731,80.7718,25.643137,5.805774
2025-01-20,7.8731,80.7718,25.643137,5.642253
2025-01-21,7.8731,80.7718,25.643137,5.8035736
2025-01-22,7.8731,80.7718,25.643137,5.9644485
2025-01-23,7.8731,80.7718,25.643137,5.565828
2025-01-24,7.8731,80.7718,25.643137,5.3741546
2025-01-25,7.8731,80.7718,25.643137,5.4697533
2025-01-26,7.8731,80.7718,25.643137,5.7622914
2025-01-27,7.8731,80.7718,25.643137,5.3952293
2025-01-28,7.8731,80.7718,25.643137,5.6638126
2025-01-29,7.8731,80.7718,25.643137,5.6629367
2025-01-30,7.8731,80.7718,26.119438,5.666465
2025-01-31,7.8731,80.7718,27.194756,6.1944137
2025-02-01,7.8731,80.7718,26.875996,5.5491652
2025-02-02,7.8731,80.7718,26.548779,5.563716
2025-02-03,7.8731,80.7718,26.519281,5.5626383
2025-02-04,7.8731,80.7718,26.674633,5.6749697
2025-02-05,7.8731,80.7718,26.955332,5.815027
2025-02-06,7.8731,80.7718,26.70088,5.6202927
2025-02-07,7.8731,80.7718,26.862501,5.652303
2025-02-08,7.8731,80.7718,26.548779,5.6319256
2025-02-09,7.8731,80.7718,26.519281,5.739685
2025-02-10,7.8731,80.7718,26.674633,6.006297
2025-02-11,7.8731,80.7718,26.955332,5.983221
2025-02-12,7.8731,80.7718,26.70088,5.8589253
2025-02-13,7.8731,80.7718,26.862501,5.7302265
2025-02-14,7.8731,80.7718,26.548779,5.6268806
2025-02-15,7.8731,80.7718,26.519281,5.86548
2025-02-16,7.8731,80.7718,26.674633,6.0217023
2025-02-17,7.8731,80.7718,26.955332,5.897544
2025-02-18,7.8731,80.7718,26.70088,5.8086257
2025-02-19,7.8731,80.7718,26.862501,5.764926
2025-02-20,7.8731,80.7718,26.548779,6.207144
2025-02-21,7.8731,80.7718,26.519281,6.1708546
2025-02-22,7.8731,80.7718,26.674633,6.4686246
2025-02-23,7.8731,80.7718,26.955332,6.413288
2025-02-24,7.8731,80.7718,26.70088,6.1822267
2025-02-25,7.8731,80.7718,26.862501,6.222574
2025-02-26,7.8731,80.7718,26.548779,6.108
2025-02-27,7.8731,80.7718,26.519281,6.2846045
2025-02-28,7.8731,80.7718,26.674633,6.881877
2025-03-01,7.8731,80.7718,28.333439,6.934672
2025-03-02,7.8731,80.7718,28.179846,6.6620746
2025-03-03,7.8731,80.7718,28.233654,6.6736536
2025-03-04,7.8731,80.7718,27.891642,6.389328
2025-03-05,7.8731,80.7718,28.449291,6.6097035
2025-03-06,7.8731,80.7718,28.633675,6.6028824
2025-03-07,7.8731,80.7718,28.632648,6.5869484
2025-03-08,7.8731,80.7718,28.632648,6.6205325
2025-03-09,7.8731,80.7718,28.632648,6.5160775
2025-03-10,7.8731,80.7718,28.632648,6.4719524
2025-03-11,7.8731,80.7718,28.632648,6.4719524
2025-03-12,7.8731,80.7718,28.632648,6.202886
2025-03-13,7.8731,80.7718,28.632648,6.2998614
2025-03-14,7.8731,80.7718,28.632648,6.4794025
2025-03-15,7.8731,80.7718,28.632648,6.3615017
2025-03-16,7.8731,80.7718,28.632648,6.122557
2025-03-17,7.8731,80.7718,28.632648,6.5987678
2025-03-18,7.8731,80.7718,28.632648,6.6116786
2025-03-19,7.8731,80.7718,28.632648,6.5587626
2025-03-20,7.8731,80.7718,28.632648,6.580694
2025-03-21,7.8731,80.7718,28.632648,6.698338
2025-03-22,7.8731,80.7718,28.632648,6.5080175
2025-03-23,7.8731,80.7718,28.632648,6.624724
2025-03-24,7.8731,80.7718,28.632648,6.538027
2025-03-25,7.8731,80.7718,28.632648,6.952986
2025-03-26,7.8731,80.7718,28.632648,6.890378
2025-03-27,7.8731,80.7718,28.632648,6.899017
2025-03-28,7.8731,80.7718,28.632648,6.9331064
2025-03-29,7.8731,80.7718,28.632648,6.9266806
2025-03-30,7.8731,80.7718,28.632648,6.9772453
2025-03-31,7.8731,80.7718,28.632648,6.90886
2025-04-01,7.8731,80.7718,28.396978,6.855743
2025-04-02,7.8731,80.7718,28.566545,6.721473
2025-04-03,7.8731,80.7718,28.606321,6.8154874
2025-04-04,7.8731,80.7718,28.797905,7.033834
2025-04-05,7.8731,80.7718,28.788448,6.9905734
2025-04-06,7.8731,80.7718,28.788448,6.961408
2025-04-07,7.8731,80.7718,28.788448,6.9471145
2025-04-08,7.8731,80.7718,28.788448,6.909964
2025-04-09,7.8731,80.7718,28.788448,6.999782
2025-04-10,7.8731,80.7718,28.788448,6.772313
2025-04-11,7.8731,80.7718,28.788448,6.571177
2025-04-12,7.8731,80.7718,28.788448,6.714551
2025-04-13,7.8731,80.7718,28.788448,6.706506
2025-04-14,7.8731,80.7718,28.788448,6.543971
2025-04-15,7.8731,80.7718,28.788448,6.5363784
2025-04-16,7.8731,80.7718,28.788448,6.4964366
2025-04-17,7.8731,80.7718,28.788448,6.4527144
2025-04-18,7.8731,80.7718,28.788448,6.3017917
2025-04-19,7.8731,80.7718,28.788448,6.470774
2025-04-20,7.8731,80.7718,28.788448,6.5350375
2025-04-21,7.8731,80.7718,28.788448,6.5704513
2025-04-22,7.8731,80.7718,28.788448,6.6245255
2025-04-23,7.8731,80.7718,28.788448,6.5596004
2025-04-24,7.8731,80.7718,28.788448,6.560697
2025-04-25,7.8731,80.7718,28.788448,6.574946
2025-04-26,7.8731,80.7718,28.788448,6.7055097
2025-04-27,7.8731,80.7718,28.788448,6.6986113
2025-04-28,7.8731,80.7718,28.788448,6.791906
2025-04-29,7.8731,80.7718,28.788448,6.79596
2025-04-30,7.8731,80.7718,28.788448,6.7835727
2025-05-01,7.8731,80.7718,28.786608,6.450827
2025-05-02,7.8731,80.7718,28.787336,6.438618
2025-05-03,7.8731,80.7718,28.651833,6.6758213
2025-05-04,7.8731,80.7718,28.608322,6.745121
2025-05-05,7.8731,80.7718,28.668358,6.4577665
2025-05-06,7.8731,80.7718,28.608322,6.4059024
2025-05-07,7.8731,80.7718,28.668358,6.4114203
2025-05-08,7.8731,80.7718,28.608322,6.3369904
2025-05-09,7.8731,80.7718,28.668358,6.4658957
2025-05-10,7.8731,80.7718,28.608322,6.2265186
2025-05-11,7.8731,80.7718,28.668358,6.5960407
2025-05-12,7.8731,80.7718,28.608322,6.463078
2025-05-13,7.8731,80.7718,28.668358,6.675977
2025-05-14,7.8731,80.7718,28.608322,6.569666
2025-05-15,7.8731,80.7718,28.668358,6.684892
2025-05-16,7.8731,80.7718,28.608322,6.533416
2025-05-17,7.8731,80.7718,28.668358,6.6431785
2025-05-18,7.8731,80.7718,28.608322,6.458772
2025-05-19,7.8731,80.7718,28.668358,6.6057863
2025-05-20,7.8731,80.7718,28.608322,6.457608
2025-05-21,7.8731,80.7718,28.668358,6.690518
2025-05-22,7.8731,80.7718,28.608322,6.5522127
2025-05-23,7.8731,80.7718,28.668358,6.6330733
2025-05-24,7.8731,80.7718,28.608322,6.497478
2025-05-25,7.8731,80.7718,28.668358,6.698319
2025-05-26,7.8731,80.7718,28.608322,6.624308
2025-05-27,7.8731,80.7718,28.668358,6.790221
2025-05-28,7.8731,80.7718,28.608322,6.5703964
2025-05-29,7.8731,80.7718,28.668358,6.722047
2025-05-30,7.8731,80.7718,28.608322,6.6090455
2025-05-31,7.8731,80.7718,28.209528,6.6354017
2025-06-01,7.8731,80.7718,27.93325,6.7537036
2025-06-02,7.8731,80.7718,27.747938,6.5798936
2025-06-03,7.8731,80.7718,27.74687,6.5089936
2025-06-04,7.8731,80.7718,27.74687,6.4932947
2025-06-05,7.8731,80.7718,27.74687,6.4057727
2025-06-06,7.8731,80.7718,27.74687,6.4210277
2025-06-07,7.8731,80.7718,27.74687,6.401101
2025-06-08,7.8731,80.7718,27.74687,6.4041195
2025-06-09,7.8731,80.7718,27.74687,6.4195642
2025-06-10,7.8731,80.7718,27.74687,6.431395
2025-06-11,7.8731,80.7718,27.74687,6.448496
2025-06-12,7.8731,80.7718,27.74687,6.5055785
2025-06-13,7.8731,80.7718,27.74687,6.5853996
2025-06-14,7.8731,80.7718,27.74687,6.5526543
2025-06-15,7.8731,80.7718,27.74687,6.6337323
2025-06-16,7.8731,80.7718,27.74687,6.6088285
2025-06-17,7.8731,80.7718,27.74687,6.421799
2025-06-18,7.8731,80.7718,27.74687,6.456848
2025-06-19,7.8731,80.7718,27.74687,6.446373
2025-06-20,7.8731,80.7718,27.74687,6.4462967
2025-06-21,7.8731,80.7718,27.74687,6.401027
2025-06-22,7.8731,80.7718,27.74687,6.474024
2025-06-23,7.8731,80.7718,27.74687,6.4515724
2025-06-24,7.8731,80.7718,27.74687,6.4236383
2025-06-25,7.8731,80.7718,27.74687,6.3080015
2025-06-26,7.8731,80.7718,27.74687,6.278814
2025-06-27,7.8731,80.7718,27.74687,6.285377
2025-06-28,7.8731,80.7718,27.74687,6.260274
2025-06-29,7.8731,80.7718,27.74687,6.301552
2025-06-30,7.8731,80.7718,27.74687,6.2931056
2025-07-01,7.8731,80.7718,27.700603,6.0607576
2025-07-02,7.8731,80.7718,27.307487,6.1817927
2025-07-03,7.8731,80.7718,27.247416,6.527681
2025-07-04,7.8731,80.7718,27.311237,6.617906
2025-07-05,7.8731,80.7718,27.247416,6.5067625
2025-07-06,7.8731,80.7718,27.311237,6.6018934
2025-07-07,7.8731,80.7718,27.247416,6.4935927
2025-07-08,7.8731,80.7718,27.311237,6.468778
2025-07-09,7.8731,80.7718,27.247416,6.500347
2025-07-10,7.8731,80.7718,27.311237,6.528407
2025-07-11,7.8731,80.7718,27.247416,6.512256
2025-07-12,7.8731,80.7718,27.311237,6.451566
2025-07-13,7.8731,80.7718,27.247416,6.5636272
2025-07-14,7.8731,80.7718,27.311237,6.5238843
2025-07-15,7.8731,80.7718,27.247416,6.617057
2025-07-16,7.8731,80.7718,27.311237,6.4069514
2025-07-17,7.8731,80.7718,27.247416,6.659722
2025-07-18,7.8731,80.7718,27.311237,6.6658554
2025-07-19,7.8731,80.7718,27.247416,6.5753217
2025-07-20,7.8731,80.7718,27.311237,6.6194687
2025-07-21,7.8731,80.7718,27.247416,6.560436
2025-07-22,7.8731,80.7718,27.311237,6.5337105
2025-07-23,7.8731,80.7718,27.247416,6.612999
2025-07-24,7.8731,80.7718,27.311237,6.610436
2025-07-25,7.8731,80.7718,27.247416,6.5615788
2025-07-26,7.8731,80.7718,27.311237,6.595368
2025-07-27,7.8731,80.7718,27.247416,6.570107
2025-07-28,7.8731,80.7718,27.311237,6.638285
2025-07-29,7.8731,80.7718,27.247416,6.721978
2025-07-30,7.8731,80.7718,27.311237,6.5392776
2025-07-31,7.8731,80.7718,27.284056,6.7886624
2025-08-01,7.8731,80.7718,27.382011,6.5926623
2025-08-02,7.8731,80.7718,27.285412,6.585192
2025-08-03,7.8731,80.7718,27.147587,6.520696
2025-08-04,7.8731,80.7718,26.65396,6.493541
2025-08-05,7.8731,80.7718,27.197905,6.5675106
2025-08-06,7.8731,80.7718,27.540628,6.64511
2025-08-07,7.8731,80.7718,26.836926,6.601279
2025-08-08,7.8731,80.7718,26.168184,6.7079744
2025-08-09,7.8731,80.7718,26.18474,6.6745524
2025-08-10,7.8731,80.7718,26.27187,6.542774
2025-08-11,7.8731,80.7718,26.371912,6.503319
2025-08-12,7.8731,80.7718,26.85862,6.5838056
2025-08-13,7.8731,80.7718,26.984798,6.536113
2025-08-14,7.8731,80.7718,27.076952,6.4847436
2025-08-15,7.8731,80.7718,26.651878,6.436442
2025-08-16,7.8731,80.7718,27.197905,6.6920204
2025-08-17,7.8731,80.7718,27.540628,6.6127043
2025-08-18,7.8731,80.7718,26.836926,6.739866
2025-08-19,7.8731,80.7718,26.168184,6.7100725
2025-08-20,7.8731,80.7718,26.18474,6.714869
2025-08-21,7.8731,80.7718,26.27187,6.695226
2025-08-22,7.8731,80.7718,26.371912,6.4950833
2025-08-23,7.8731,80.7718,26.85862,6.7760334
2025-08-24,7.8731,80.7718,26.984798,6.5741234
2025-08-25,7.8731,80.7718,27.076952,6.6174526
2025-08-26,7.8731,80.7718,26.651878,6.555756
2025-08-27,7.8731,80.7718,27.197905,6.654859
2025-08-28,7.8731,80.7718,27.540628,6.632205
2025-08-29,7.8731,80.7718,26.836926,6.616323
2025-08-30,7.8731,80.7718,25.803642,6.011538
2025-08-31,7.8731,80.7718,26.367357,6.191941
2025-09-01,7.8731,80.7718,26.139608,6.7524095
2025-09-02,7.8731,80.7718,26.157373,6.781117
2025-09-03,7.8731,80.7718,26.160465,7.2553916
2025-09-04,7.8731,80.7718,26.160465,6.755258
2025-09-05,7.8731,80.7718,26.160465,6.696998
2025-09-06,7.8731,80.7718,26.160465,6.5849757
2025-09-07,7.8731,80.7718,26.160465,6.57432
2025-09-08,7.8731,80.7718,26.160465,6.603502
2025-09-09,7.8731,80.7718,26.160465,6.6621847
2025-09-10,7.8731,80.7718,26.160465,6.4977136
2025-09-11,7.8731,80.7718,26.160465,6.56723
2025-09-12,7.8731,80.7718,26.160465,6.519458
2025-09-13,7.8731,80.7718,26.160465,6.65842
2025-09-14,7.8731,80.7718,26.160465,6.0440097
2025-09-15,7.8731,80.7718,26.160465,6.0884085
2025-09-16,7.8731,80.7718,26.160465,6.072213
2025-09-17,7.8731,80.7718,26.160465,6.063161
2025-09-18,7.8731,80.7718,26.160465,5.7420964
2025-09-19,7.8731,80.7718,26.160465,5.9722023
2025-09-20,7.8731,80.7718,26.160465,5.898006
2025-09-21,7.8731,80.7718,26.160465,5.712578
2025-09-22,7.8731,80.7718,26.160465,5.8399954
2025-09-23,7.8731,80.7718,26.160465,6.0177245
2025-09-24,7.8731,80.7718,26.160465,6.227839
2025-09-25,7.8731,80.7718,26.160465,6.1435933
2025-09-26,7.8731,80.7718,26.160465,6.1260104
2025-09-27,7.8731,80.7718,26.160465,5.9299607
2025-09-28,7.8731,80.7718,26.160465,5.873984
2025-09-29,7.8731,80.7718,26.160465,6.5811257
2025-09-30,7.8731,80.7718,26.370455,6.2177143
2025-10-01,7.8731,80.7718,26.019884,5.7999845
2025-10-02,7.8731,80.7718,25.326557,6.134966
2025-10-03,7.8731,80.7718,24.521202,6.0225997
2025-10-04,7.8731,80.7718,24.145008,5.986687
2025-10-05,7.8731,80.7718,24.562483,5.5917835
2025-10-06,7.8731,80.7718,24.27571,5.7508063
2025-10-07,7.8731,80.7718,24.396599,5.3422165
2025-10-08,7.8731,80.7718,24.886171,5.8926864
2025-10-09,7.8731,80.7718,25.330196,6.2496395
2025-10-10,7.8731,80.7718,24.521202,5.160387
2025-10-11,7.8731,80.7718,24.145008,5.9684434
2025-10-12,7.8731,80.7718,24.562483,5.6254683
2025-10-13,7.8731,80.7718,24.27571,6.3860817
2025-10-14,7.8731,80.7718,24.396599,6.230526
2025-10-15,7.8731,80.7718,24.886171,6.647878
2025-10-16,7.8731,80.7718,25.330196,6.8317757
2025-10-17,7.8731,80.7718,24.521202,5.4680276
2025-10-18,7.8731,80.7718,24.145008,6.0335326
2025-10-19,7.8731,80.7718,24.562483,5.804511
2025-10-20,7.8731,80.7718,24.27571,5.975241
2025-10-21,7.8731,80.7718,24.396599,5.8233695
2025-10-22,7.8731,80.7718,24.886171,6.3080425
2025-10-23,7.8731,80.7718,25.330196,6.5743103
2025-10-24,7.8731,80.7718,24.521202,5.793423
2025-10-25,7.8731,80.7718,24.145008,6.4105024
2025-10-26,7.8731,80.7718,24.562483,6.3139915
2025-10-27,7.8731,80.7718,24.27571,6.2018304
2025-10-28,7.8731,80.7718,24.396599,6.3883495
2025-10-29,7.8731,80.7718,24.886171,6.190368
2025-10-30,7.8731,80.7718,25.282742,6.698153
2025-10-31,7.8731,80.7718,25.070843,6.4239063
2025-11-01,7.8731,80.7718,25.22477,6.7193255
2025-11-02,7.8731,80.7718,25.12289,6.8074694
2025-11-03,7.8731,80.7718,25.68441,6.5936456
2025-11-04,7.8731,80.7718,25.610405,6.521502
2025-11-05,7.8731,80.7718,25.61892,6.418147
2025-11-06,7.8731,80.7718,24.71115,6.4596295
2025-11-07,7.8731,80.7718,25.006517,6.764344
2025-11-08,7.8731,80.7718,25.760067,6.7056828
2025-11-09,7.8731,80.7718,25.393835,6.701071
2025-11-10,7.8731,80.7718,25.12695,6.594888
2025-11-11,7.8731,80.7718,25.68441,6.3107095
2025-11-12,7.8731,80.7718,25.610405,6.164946
2025-11-13,7.8731,80.7718,25.61892,6.13571
2025-11-14,7.8731,80.7718,24.71115,6.2869396
2025-11-15,7.8731,80.7718,25.006517,5.5101733
2025-11-16,7.8731,80.7718,25.760067,5.7776895
2025-11-17,7.8731,80.7718,25.393835,5.9368725
2025-11-18,7.8731,80.7718,25.12695,5.5330887
2025-11-19,7.8731,80.7718,25.68441,6.0877843
2025-11-20,7.8731,80.7718,25.610405,5.669947
2025-11-21,7.8731,80.7718,25.61892,5.782198
2025-11-22,7.8731,80.7718,24.71115,5.212223
2025-11-23,7.8731,80.7718,25.006517,5.353281
2025-11-24,7.8731,80.7718,25.760067,6.0262365
2025-11-25,7.8731,80.7718,25.393835,5.810729
2025-11-26,7.8731,80.7718,25.12695,5.432292
2025-11-27,7.8731,80.7718,25.68441,6.073151
2025-11-28,7.8731,80.7718,25.610405,6.0693817
2025-11-29,7.8731,80.7718,25.61892,5.920772
2025-11-30,7.8731,80.7718,25.393019,5.7444067
2025-12-01,7.8731,80.7718,24.827246,5.6968184
2025-12-02,7.8731,80.7718,24.45214,5.7969813
2025-12-03,7.8731,80.7718,24.854057,6.141575
2025-12-04,7.8731,80.7718,24.45214,5.6754913
2025-12-05,7.8731,80.7718,24.854057,5.99329
2025-12-06,7.8731,80.7718,24.45214,5.6920195
2025-12-07,7.8731,80.7718,24.854057,5.265346
2025-12-08,7.8731,80.7718,24.45214,5.600449
2025-12-09,7.8731,80.7718,24.854057,5.783311
2025-12-10,7.8731,80.7718,24.45214,6.0264897
2025-12-11,7.8731,80.7718,24.854057,5.8204165
2025-12-12,7.8731,80.7718,24.45214,6.216495
2025-12-13,7.8731,80.7718,24.854057,5.934244
2025-12-14,7.8731,80.7718,24.45214,6.2229624
2025-12-15,7.8731,80.7718,24.854057,5.8055444
2025-12-16,7.8731,80.7718,24.45214,6.1681175
2025-12-17,7.8731,80.7718,24.854057,6.153005
2025-12-18,7.8731,80.7718,24.45214,6.0352507
2025-12-19,7.8731,80.7718,24.854057,6.0897923
2025-12-20,7.8731,80.7718,24.45214,6.2374144
2025-12-21,7.8731,80.7718,24.854057,5.547907
2025-12-22,7.8731,80.7718,24.45214,6.389733
2025-12-23,7.8731,80.7718,24.854057,6.5392923
2025-12-24,7.8731,80.7718,24.45214,6.344124
2025-12-25,7.8731,80.7718,24.854057,6.0930624
2025-12-26,7.8731,80.7718,24.45214,6.2859554
2025-12-27,7.8731,80.7718,24.854057,6.14197
2025-12-28,7.8731,80.7718,24.45214,6.2887177
2025-12-29,7.8731,80.7718,24.854057,6.037701
2025-12-30,7.8731,80.7718,24.446766,6.2626753
2025-12-31,7.8731,80.7718,24.61196,6.025619
2026-01-01,7.8731,80.7718,24.645325,5.949831
2026-01-02,7.8731,80.7718,24.897318,6.0924554
2026-01-03,7.8731,80.7718,25.001621,6.0274186
2026-01-04,7.8731,80.7718,24.963966,6.025461
2026-01-05,7.8731,80.7718,25.100374,5.5360193
2026-01-06,7.8731,80.7718,25.235083,5.667043
2026-01-07,7.8731,80.7718,25.628283,5.7625065
2026-01-08,7.8731,80.7718,25.643137,5.5072803
2026-01-09,7.8731,80.7718,25.643137,5.6151166
2026-01-10,7.8731,80.7718,25.643137,5.1800947
2026-01-11,7.8731,80.7718,25.643137,5.800368
2026-01-12,7.8731,80.7718,25.643137,5.705025
2026-01-13,7.8731,80.7718,25.643137,5.4388905
2026-01-14,7.8731,80.7718,25.643137,6.0437737
2026-01-15,7.8731,80.7718,25.643137,6.0824227
2026-01-16,7.8731,80.7718,25.643137,5.951749
2026-01-17,7.8731,80.7718,25.643137,6.042708
2026-01-18,7.8731,80.7718,25.643137,6.0739565
2026-01-19,7.8731,80.7718,25.643137,5.805774
2026-01-20,7.8731,80.7718,25.643137,5.642253
2026-01-21,7.8731,80.7718,25.643137,5.8035736
2026-01-22,7.8731,80.7718,25.643137,5.9644485
2026-01-23,7.8731,80.7718,25.643137,5.565828
2026-01-24,7.8731,80.7718,25.643137,5.3741546
2026-01-25,7.8731,80.7718,25.643137,5.4697533
2026-01-26,7.8731,80.7718,25.643137,5.7622914
2026-01-27,7.8731,80.7718,25.643137,5.3952293
2026-01-28,7.8731,80.7718,25.643137,5.6638126
2026-01-29,7.8731,80.7718,25.643137,5.6629367
2026-01-30,7.8731,80.7718,26.119438,5.666465
2026-01-31,7.8731,80.7718,27.194756,6.1944137
2026-02-01,7.8731,80.7718,26.875996,5.5491652
2026-02-02,7.8731,80.7718,26.548779,5.563716
2026-02-03,7.8731,80.7718,26.519281,5.5626383
2026-02-04,7.8731,80.7718,26.674633,5.6749697
2026-02-05,7.8731,80.7718,26.955332,5.815027
2026-02-06,7.8731,80.7718,26.70088,5.6202927
2026-02-07,7.8731,80.7718,26.862501,5.652303
2026-02-08,7.8731,80.7718,26.548779,5.6319256
2026-02-09,7.8731,80.7718,26.519281,5.739685
2026-02-10,7.8731,80.7718,26.674633,6.006297
2026-02-11,7.8731,80.7718,26.955332,5.983221
2026-02-12,7.8731,80.7718,26.70088,5.8589253
2026-02-13,7.8731,80.7718,26.862501,5.7302265
2026-02-14,7.8731,80.7718,26.548779,5.6268806
2026-02-15,7.8731,80.7718,26.519281,5.86548
2026-02-16,7.8731,80.7718,26.674633,6.0217023
2026-02-17,7.8731,80.7718,26.955332,5.897544
2026-02-18,7.8731,80.7718,26.70088,5.8086257
2026-02-19,7.8731,80.7718,26.862501,5.764926
2026-02-20,7.8731,80.7718,26.548779,6.207144
2026-02-21,7.8731,80.7718,26.519281,6.1708546
2026-02-22,7.8731,80.7718,26.674633,6.4686246
2026-02-23,7.8731,80.7718,26.955332,6.413288
2026-02-24,7.8731,80.7718,26.70088,6.1822267
2026-02-25,7.8731,80.7718,26.862501,6.222574
2026-02-26,7.8731,80.7718,26.548779,6.108
2026-02-27,7.8731,80.7718,26.519281,6.2846045
2026-02-28,7.8731,80.7718,26.674633,6.881877
2026-03-01,7.8731,80.7718,28.333439,6.934672
2026-03-02,7.8731,80.7718,28.179846,6.6620746
2026-03-03,7.8731,80.7718,28.233654,6.6736536
2026-03-04,7.8731,80.7718,27.891642,6.389328
2026-03-05,7.8731,80.7718,28.449291,6.6097035
2026-03-06,7.8731,80.7718,28.633675,6.6028824
2026-03-07,7.8731,80.7718,28.632648,6.5869484
2026-03-08,7.8731,80.7718,28.632648,6.6205325
2026-03-09,7.8731,80.7718,28.632648,6.5160775
2026-03-10,7.8731,80.7718,28.632648,6.4719524
2026-03-11,7.8731,80.7718,28.632648,6.4719524
2026-03-12,7.8731,80.7718,28.632648,6.202886
2026-03-13,7.8731,80.7718,28.632648,6.2998614
2026-03-14,7.8731,80.7718,28.632648,6.4794025
2026-03-15,7.8731,80.7718,28.632648,6.3615017
2026-03-16,7.8731,80.7718,28.632648,6.122557
2026-03-17,7.8731,80.7718,28.632648,6.5987678
2026-03-18,7.8731,80.7718,28.632648,6.6116786
2026-03-19,7.8731,80.7718,28.632648,6.5587626
2026-03-20,7.8731,80.7718,28.632648,6.580694
2026-03-21,7.8731,80.7718,28.632648,6.698338
2026-03-22,7.8731,80.7718,28.632648,6.5080175
2026-03-23,7.8731,80.7718,28.632648,6.624724
2026-03-24,7.8731,80.7718,28.632648,6.538027
2026-03-25,7.8731,80.7718,28.632648,6.952986
2026-03-26,7.8731,80.7718,28.632648,6.890378
2026-03-27,7.8731,80.7718,28.632648,6.899017
2026-03-28,7.8731,80.7718,28.632648,6.9331064
2026-03-29,7.8731,80.7718,28.632648,6.9266806
2026-03-30,7.8731,80.7718,28.632648,6.9772453
2026-03-31,7.8731,80.7718,28.632648,6.90886
2026-04-01,7.8731,80.7718,28.396978,6.855743
2026-04-02,7.8731,80.7718,28.566545,6.721473
2026-04-03,7.8731,80.7718,28.606321,6.8154874
2026-04-04,7.8731,80.7718,28.797905,7.033834
2026-04-05,7.8731,80.7718,28.788448,6.9905734
2026-04-06,7.8731,80.7718,28.788448,6.961408
2026-04-07,7.8731,80.7718,28.788448,6.9471145
2026-04-08,7.8731,80.7718,28.788448,6.909964
2026-04-09,7.8731,80.7718,28.788448,6.999782
2026-04-10,7.8731,80.7718,28.788448,6.772313
2026-04-11,7.8731,80.7718,28.788448,6.571177
2026-04-12,7.8731,80.7718,28.788448,6.714551
2026-04-13,7.8731,80.7718,28.788448,6.706506
2026-04-14,7.8731,80.7718,28.788448,6.543971
2026-04-15,7.8731,80.7718,28.788448,6.5363784
2026-04-16,7.8731,80.7718,28.788448,6.4964366
2026-04-17,7.8731,80.7718,28.788448,6.4527144
2026-04-18,7.8731,80.7718,28.788448,6.3017917
2026-04-19,7.8731,80.7718,28.788448,6.470774
2026-04-20,7.8731,80.7718,28.788448,6.5350375
2026-04-21,7.8731,80.7718,28.788448,6.5704513
2026-04-22,7.8731,80.7718,28.788448,6.6245255
2026-04-23,7.8731,80.7718,28.788448,6.5596004
2026-04-24,7.8731,80.7718,28.788448,6.560697
2026-04-25,7.8731,80.7718,28.788448,6.574946
2026-04-26,7.8731,80.7718,28.788448,6.7055097
2026-04-27,7.8731,80.7718,28.788448,6.6986113
2026-04-28,7.8731,80.7718,28.788448,6.791906
2026-04-29,7.8731,80.7718,28.788448,6.79596
2026-04-30,7.8731,80.7718,28.788448,6.7835727
2026-05-01,7.8731,80.7718,28.786608,6.450827
2026-05-02,7.8731,80.7718,28.787336,6.438618
2026-05-03,7.8731,80.7718,28.651833,6.6758213
2026-05-04,7.8731,80.7718,28.608322,6.745121
2026-05-05,7.8731,80.7718,28.668358,6.4577665
2026-05-06,7.8731,80.7718,28.608322,6.4059024
2026-05-07,7.8731,80.7718,28.668358,6.4114203
2026-05-08,7.8731,80.7718,28.608322,6.3369904
2026-05-09,7.8731,80.7718,28.668358,6.4658957
2026-05-10,7.8731,80.7718,28.608322,6.2265186
2026-05-11,7.8731,80.7718,28.668358,6.5960407
2026-05-12,7.8731,80.7718,28.608322,6.463078
2026-05-13,7.8731,80.7718,28.668358,6.675977
2026-05-14,7.8731,80.7718,28.608322,6.569666
2026-05-15,7.8731,80.7718,28.668358,6.684892
2026-05-16,7.8731,80.7718,28.608322,6.533416
2026-05-17,7.8731,80.7718,28.668358,6.6431785
2026-05-18,7.8731,80.7718,28.608322,6.458772
2026-05-19,7.8731,80.7718,28.668358,6.6057863
2026-05-20,7.8731,80.7718,28.608322,6.457608
2026-05-21,7.8731,80.7718,28.668358,6.690518
2026-05-22,7.8731,80.7718,28.608322,6.5522127
2026-05-23,7.8731,80.7718,28.668358,6.6330733
2026-05-24,7.8731,80.7718,28.608322,6.497478
2026-05-25,7.8731,80.7718,28.668358,6.698319
2026-05-26,7.8731,80.7718,28.608322,6.624308
2026-05-27,7.8731,80.7718,28.668358,6.790221
2026-05-28,7.8731,80.7718,28.608322,6.5703964
2026-05-29,7.8731,80.7718,28.668358,6.722047
2026-05-30,7.8731,80.7718,28.608322,6.6090455
2026-05-31,7.8731,80.7718,28.209528,6.6354017
2026-06-01,7.8731,80.7718,27.93325,6.7537036
2026-06-02,7.8731,80.7718,27.747938,6.5798936
2026-06-03,7.8731,80.7718,27.74687,6.5089936
2026-06-04,7.8731,80.7718,27.74687,6.4932947
2026-06-05,7.8731,80.7718,27.74687,6.4057727
2026-06-06,7.8731,80.7718,27.74687,6.4210277
2026-06-07,7.8731,80.7718,27.74687,6.401101
2026-06-08,7.8731,80.7718,27.74687,6.4041195
2026-06-09,7.8731,80.7718,27.74687,6.4195642
2026-06-10,7.8731,80.7718,27.74687,6.431395
2026-06-11,7.8731,80.7718,27.74687,6.448496
2026-06-12,7.8731,80.7718,27.74687,6.5055785
2026-06-13,7.8731,80.7718,27.74687,6.5853996
2026-06-14,7.8731,80.7718,27.74687,6.5526543
2026-06-15,7.8731,80.7718,27.74687,6.6337323
2026-06-16,7.8731,80.7718,27.74687,6.6088285
2026-06-17,7.8731,80.7718,27.74687,6.421799
2026-06-18,7.8731,80.7718,27.74687,6.456848
2026-06-19,7.8731,80.7718,27.74687,6.446373
2026-06-20,7.8731,80.7718,27.74687,6.4462967
2026-06-21,7.8731,80.7718,27.74687,6.401027
2026-06-22,7.8731,80.7718,27.74687,6.474024
2026-06-23,7.8731,80.7718,27.74687,6.4515724
2026-06-24,7.8731,80.7718,27.74687,6.4236383
2026-06-25,7.8731,80.7718,27.74687,6.3080015
2026-06-26,7.8731,80.7718,27.74687,6.278814
2026-06-27,7.8731,80.7718,27.74687,6.285377
2026-06-28,7.8731,80.7718,27.74687,6.260274
2026-06-29,7.8731,80.7718,27.74687,6.301552
2026-06-30,7.8731,80.7718,27.74687,6.2931056
2026-07-01,7.8731,80.7718,27.700603,6.0607576
2026-07-02,7.8731,80.7718,27.307487,6.1817927
2026-07-03,7.8731,80.7718,27.247416,6.527681
2026-07-04,7.8731,80.7718,27.311237,6.617906
2026-07-05,7.8731,80.7718,27.247416,6.5067625
2026-07-06,7.8731,80.7718,27.311237,6.6018934
2026-07-07,7.8731,80.7718,27.247416,6.4935927
2026-07-08,7.8731,80.7718,27.311237,6.468778
2026-07-09,7.8731,80.7718,27.247416,6.500347
2026-07-10,7.8731,80.7718,27.311237,6.528407
2026-07-11,7.8731,80.7718,27.247416,6.512256
2026-07-12,7.8731,80.7718,27.311237,6.451566
2026-07-13,7.8731,80.7718,27.247416,6.5636272
2026-07-14,7.8731,80.7718,27.311237,6.5238843
2026-07-15,7.8731,80.7718,27.247416,6.617057
2026-07-16,7.8731,80.7718,27.311237,6.4069514
2026-07-17,7.8731,80.7718,27.247416,6.659722
2026-07-18,7.8731,80.7718,27.311237,6.6658554
2026-07-19,7.8731,80.7718,27.247416,6.5753217
2026-07-20,7.8731,80.7718,27.311237,6.6194687
2026-07-21,7.8731,80.7718,27.247416,6.560436
2026-07-22,7.8731,80.7718,27.311237,6.5337105
2026-07-23,7.8731,80.7718,27.247416,6.612999
2026-07-24,7.8731,80.7718,27.311237,6.610436
2026-07-25,7.8731,80.7718,27.247416,6.5615788
2026-07-26,7.8731,80.7718,27.311237,6.595368
2026-07-27,7.8731,80.7718,27.247416,6.570107
2026-07-28,7.8731,80.7718,27.311237,6.638285
2026-07-29,7.8731,80.7718,27.247416,6.721978
2026-07-30,7.8731,80.7718,27.311237,6.5392776
2026-07-31,7.8731,80.7718,27.284056,6.7886624
2026-08-01,7.8731,80.7718,27.382011,6.5926623
2026-08-02,7.8731,80.7718,27.285412,6.585192
2026-08-03,7.8731,80.7718,27.147587,6.520696
2026-08-04,7.8731,80.7718,26.65396,6.493541
2026-08-05,7.8731,80.7718,27.197905,6.5675106
2026-08-06,7.8731,80.7718,27.540628,6.64511
2026-08-07,7.8731,80.7718,26.836926,6.601279
2026-08-08,7.8731,80.7718,26.168184,6.7079744
2026-08-09,7.8731,80.7718,26.18474,6.6745524
2026-08-10,7.8731,80.7718,26.27187,6.542774
2026-08-11,7.8731,80.7718,26.371912,6.503319
2026-08-12,7.8731,80.7718,26.85862,6.5838056
2026-08-13,7.8731,80.7718,26.984798,6.536113
2026-08-14,7.8731,80.7718,27.076952,6.4847436
2026-08-15,7.8731,80.7718,26.651878,6.436442
2026-08-16,7.8731,80.7718,27.197905,6.6920204
2026-08-17,7.8731,80.7718,27.540628,6.6127043
2026-08-18,7.8731,80.7718,26.836926,6.739866
2026-08-19,7.8731,80.7718,26.168184,6.7100725
2026-08-20,7.8731,80.7718,26.18474,6.714869
2026-08-21,7.8731,80.7718,26.27187,6.695226
2026-08-22,7.8731,80.7718,26.371912,6.4950833
2026-08-23,7.8731,80.7718,26.85862,6.7760334
2026-08-24,7.8731,80.7718,26.984798,6.5741234
2026-08-25,7.8731,80.7718,27.076952,6.6174526
2026-08-26,7.8731,80.7718,26.651878,6.555756
2026-08-27,7.8731,80.7718,27.197905,6.654859
2026-08-28,7.8731,80.7718,27.540628,6.632205
2026-08-29,7.8731,80.7718,26.836926,6.616323
2026-08-30,7.8731,80.7718,25.803642,6.011538
2026-08-31,7.8731,80.7718,26.367357,6.191941
2026-09-01,7.8731,80.7718,26.139608,6.7524095
2026-09-02,7.8731,80.7718,26.157373,6.781117
2026-09-03,7.8731,80.7718,26.160465,7.2553916
2026-09-04,7.8731,80.7718,26.160465,6.755258
2026-09-05,7.8731,80.7718,26.160465,6.696998
2026-09-06,7.8731,80.7718,26.160465,6.5849757
2026-09-07,7.8731,80.7718,26.160465,6.57432
2026-09-08,7.8731,80.7718,26.160465,6.603502
2026-09-09,7.8731,80.7718,26.160465,6.6621847
2026-09-10,7.8731,80.7718,26.160465,6.4977136
2026-09-11,7.8731,80.7718,26.160465,6.56723
2026-09-12,7.8731,80.7718,26.160465,6.519458
2026-09-13,7.8731,80.7718,26.160465,6.65842
2026-09-14,7.8731,80.7718,26.160465,6.0440097
2026-09-15,7.8731,80.7718,26.160465,6.0884085
2026-09-16,7.8731,80.7718,26.160465,6.072213
2026-09-17,7.8731,80.7718,26.160465,6.063161
2026-09-18,7.8731,80.7718,26.160465,5.7420964
2026-09-19,7.8731,80.7718,26.160465,5.9722023
2026-09-20,7.8731,80.7718,26.160465,5.898006
2026-09-21,7.8731,80.7718,26.160465,5.712578
2026-09-22,7.8731,80.7718,26.160465,5.8399954
2026-09-23,7.8731,80.7718,26.160465,6.0177245
2026-09-24,7.8731,80.7718,26.160465,6.227839
2026-09-25,7.8731,80.7718,26.160465,6.1435933
2026-09-26,7.8731,80.7718,26.160465,6.1260104
2026-09-27,7.8731,80.7718,26.160465,5.9299607
2026-09-28,7.8731,80.7718,26.160465,5.873984
2026-09-29,7.8731,80.7718,26.160465,6.5811257
2026-09-30,7.8731,80.7718,26.370455,6.2177143
2026-10-01,7.8731,80.7718,26.019884,5.7999845
2026-10-02,7.8731,80.7718,25.326557,6.134966
2026-10-03,7.8731,80.7718,24.521202,6.0225997
2026-10-04,7.8731,80.7718,24.145008,5.986687
2026-10-05,7.8731,80.7718,24.562483,5.5917835
2026-10-06,7.8731,80.7718,24.27571,5.7508063
2026-10-07,7.8731,80.7718,24.396599,5.3422165
2026-10-08,7.8731,80.7718,24.886171,5.8926864
2026-10-09,7.8731,80.7718,25.330196,6.2496395
2026-10-10,7.8731,80.7718,24.521202,5.160387
2026-10-11,7.8731,80.7718,24.145008,5.9684434
2026-10-12,7.8731,80.7718,24.562483,5.6254683
2026-10-13,7.8731,80.7718,24.27571,6.3860817
2026-10-14,7.8731,80.7718,24.396599,6.230526
2026-10-15,7.8731,80.7718,24.886171,6.647878
2026-10-16,7.8731,80.7718,25.330196,6.8317757
2026-10-17,7.8731,80.7718,24.521202,5.4680276
2026-10-18,7.8731,80.7718,24.145008,6.0335326
2026-10-19,7.8731,80.7718,24.562483,5.804511
2026-10-20,7.8731,80.7718,24.27571,5.975241
2026-10-21,7.8731,80.7718,24.396599,5.8233695
2026-10-22,7.8731,80.7718,24.886171,6.3080425
2026-10-23,7.8731,80.7718,25.330196,6.5743103
2026-10-24,7.8731,80.7718,24.521202,5.793423
2026-10-25,7.8731,80.7718,24.145008,6.4105024
2026-10-26,7.8731,80.7718,24.562483,6.3139915
2026-10-27,7.8731,80.7718,24.27571,6.2018304
2026-10-28,7.8731,80.7718,24.396599,6.3883495
2026-10-29,7.8731,80.7718,24.886171,6.190368
2026-10-30,7.8731,80.7718,25.282742,6.698153
2026-10-31,7.8731,80.7718,25.070843,6.4239063
2026-11-01,7.8731,80.7718,25.22477,6.7193255
2026-11-02,7.8731,80.7718,25.12289,6.8074694
2026-11-03,7.8731,80.7718,25.68441,6.5936456
2026-11-04,7.8731,80.7718,25.610405,6.521502
2026-11-05,7.8731,80.7718,25.61892,6.418147
2026-11-06,7.8731,80.7718,24.71115,6.4596295
2026-11-07,7.8731,80.7718,25.006517,6.764344
2026-11-08,7.8731,80.7718,25.760067,6.7056828
2026-11-09,7.8731,80.7718,25.393835,6.701071
2026-11-10,7.8731,80.7718,25.12695,6.594888
2026-11-11,7.8731,80.7718,25.68441,6.3107095
2026-11-12,7.8731,80.7718,25.610405,6.164946
2026-11-13,7.8731,80.7718,25.61892,6.13571
2026-11-14,7.8731,80.7718,24.71115,6.2869396
2026-11-15,7.8731,80.7718,25.006517,5.5101733
2026-11-16,7.8731,80.7718,25.760067,5.7776895
2026-11-17,7.8731,80.7718,25.393835,5.9368725
2026-11-18,7.8731,80.7718,25.12695,5.5330887
2026-11-19,7.8731,80.7718,25.68441,6.0877843
2026-11-20,7.8731,80.7718,25.610405,5.669947
2026-11-21,7.8731,80.7718,25.61892,5.782198
2026-11-22,7.8731,80.7718,24.71115,5.212223
2026-11-23,7.8731,80.7718,25.006517,5.353281
2026-11-24,7.8731,80.7718,25.760067,6.0262365
2026-11-25,7.8731,80.7718,25.393835,5.810729
2026-11-26,7.8731,80.7718,25.12695,5.432292
2026-11-27,7.8731,80.7718,25.68441,6.073151
2026-11-28,7.8731,80.7718,25.610405,6.0693817
2026-11-29,7.8731,80.7718,25.61892,5.920772
2026-11-30,7.8731,80.7718,25.393019,5.7444067
2026-12-01,7.8731,80.7718,24.827246,5.6968184
2026-12-02,7.8731,80.7718,24.45214,5.7969813
2026-12-03,7.8731,80.7718,24.854057,6.141575
2026-12-04,7.8731,80.7718,24.45214,5.6754913
2026-12-05,7.8731,80.7718,24.854057,5.99329
2026-12-06,7.8731,80.7718,24.45214,5.6920195
2026-12-07,7.8731,80.7718,24.854057,5.265346
2026-12-08,7.8731,80.7718,24.45214,5.600449
2026-12-09,7.8731,80.7718,24.854057,5.783311
2026-12-10,7.8731,80.7718,24.45214,6.0264897
2026-12-11,7.8731,80.7718,24.854057,5.8204165
2026-12-12,7.8731,80.7718,24.45214,6.216495
2026-12-13,7.8731,80.7718,24.854057,5.934244
2026-12-14,7.8731,80.7718,24.45214,6.2229624
2026-12-15,7.8731,80.7718,24.854057,5.8055444
2026-12-16,7.8731,80.7718,24.45214,6.1681175
2026-12-17,7.8731,80.7718,24.854057,6.153005
2026-12-18,7.8731,80.7718,24.45214,6.0352507
2026-12-19,7.8731,80.7718,24.854057,6.0897923
2026-12-20,7.8731,80.7718,24.45214,6.2374144
2026-12-21,7.8731,80.7718,24.854057,5.547907
2026-12-22,7.8731,80.7718,24.45214,6.389733
2026-12-23,7.8731,80.7718,24.854057,6.5392923
2026-12-24,7.8731,80.7718,24.45214,6.344124
2026-12-25,7.8731,80.7718,24.854057,6.0930624
2026-12-26,7.8731,80.7718,24.45214,6.2859554
2026-12-27,7.8731,80.7718,24.854057,6.14197
2026-12-28,7.8731,80.7718,24.45214,6.2887177
2026-12-29,7.8731,80.7718,24.854057,6.037701
2026-12-30,7.8731,80.7718,24.446766,6.2626753
2026-12-31,7.8731,80.7718,24.61196,6.025619
2027-01-01,7.8731,80.7718,24.645325,5.949831
2027-01-02,7.8731,80.7718,24.897318,6.0924554
2027-01-03,7.8731,80.7718,25.001621,6.0274186
2027-01-04,7.8731,80.7718,24.963966,6.025461
2027-01-05,7.8731,80.7718,25.100374,5.5360193
2027-01-06,7.8731,80.7718,25.235083,5.667043
2027-01-07,7.8731,80.7718,25.628283,5.7625065
2027-01-08,7.8731,80.7718,25.643137,5.5072803
2027-01-09,7.8731,80.7718,25.643137,5.6151166
2027-01-10,7.8731,80.7718,25.643137,5.1800947
2027-01-11,7.8731,80.7718,25.643137,5.800368
2027-01-12,7.8731,80.7718,25.643137,5.705025
2027-01-13,7.8731,80.7718,25.643137,5.4388905
2027-01-14,7.8731,80.7718,25.643137,6.0437737
2027-01-15,7.8731,80.7718,25.643137,6.0824227
2027-01-16,7.8731,80.7718,25.643137,5.951749
2027-01-17,7.8731,80.7718,25.643137,6.042708
2027-01-18,7.8731,80.7718,25.643137,6.0739565
2027-01-19,7.8731,80.7718,25.643137,5.805774
2027-01-20,7.8731,80.7718,25.643137,5.642253
2027-01-21,7.8731,80.7718,25.643137,5.8035736
2027-01-22,7.8731,80.7718,25.643137,5.9644485
2027-01-23,7.8731,80.7718,25.643137,5.565828
2027-01-24,7.8731,80.7718,25.643137,5.3741546
2027-01-25,7.8731,80.7718,25.643137,5.4697533
2027-01-26,7.8731,80.7718,25.643137,5.7622914
2027-01-27,7.8731,80.7718,25.643137,5.3952293
2027-01-28,7.8731,80.7718,25.643137,5.6638126
2027-01-29,7.8731,80.7718,25.643137,5.6629367
2027-01-30,7.8731,80.7718,26.119438,5.666465
2027-01-31,7.8731,80.7718,27.194756,6.1944137
2027-02-01,7.8731,80.7718,26.875996,5.5491652
2027-02-02,7.8731,80.7718,26.548779,5.563716
2027-02-03,7.8731,80.7718,26.519281,5.5626383
2027-02-04,7.8731,80.7718,26.674633,5.6749697
2027-02-05,7.8731,80.7718,26.955332,5.815027
2027-02-06,7.8731,80.7718,26.70088,5.6202927
2027-02-07,7.8731,80.7718,26.862501,5.652303
2027-02-08,7.8731,80.7718,26.548779,5.6319256
2027-02-09,7.8731,80.7718,26.519281,5.739685
2027-02-10,7.8731,80.7718,26.674633,6.006297
2027-02-11,7.8731,80.7718,26.955332,5.983221
2027-02-12,7.8731,80.7718,26.70088,5.8589253
2027-02-13,7.8731,80.7718,26.862501,5.7302265
2027-02-14,7.8731,80.7718,26.548779,5.6268806
2027-02-15,7.8731,80.7718,26.519281,5.86548
2027-02-16,7.8731,80.7718,26.674633,6.0217023
2027-02-17,7.8731,80.7718,26.955332,5.897544
2027-02-18,7.8731,80.7718,26.70088,5.8086257
2027-02-19,7.8731,80.7718,26.862501,5.764926
2027-02-20,7.8731,80.7718,26.548779,6.207144
2027-02-21,7.8731,80.7718,26.519281,6.1708546
2027-02-22,7.8731,80.7718,26.674633,6.4686246
2027-02-23,7.8731,80.7718,26.955332,6.413288
2027-02-24,7.8731,80.7718,26.70088,6.1822267
2027-02-25,7.8731,80.7718,26.862501,6.222574
2027-02-26,7.8731,80.7718,26.548779,6.108
2027-02-27,7.8731,80.7718,26.519281,6.2846045
2027-02-28,7.8731,80.7718,26.674633,6.881877
2027-03-01,7.8731,80.7718,28.333439,6.934672
2027-03-02,7.8731,80.7718,28.179846,6.6620746
2027-03-03,7.8731,80.7718,28.233654,6.6736536
2027-03-04,7.8731,80.7718,27.891642,6.389328
2027-03-05,7.8731,80.7718,28.449291,6.6097035
2027-03-06,7.8731,80.7718,28.633675,6.6028824
2027-03-07,7.8731,80.7718,28.632648,6.5869484
2027-03-08,7.8731,80.7718,28.632648,6.6205325
2027-03-09,7.8731,80.7718,28.632648,6.5160775
2027-03-10,7.8731,80.7718,28.632648,6.4719524
2027-03-11,7.8731,80.7718,28.632648,6.4719524
2027-03-12,7.8731,80.7718,28.632648,6.202886
2027-03-13,7.8731,80.7718,28.632648,6.2998614
2027-03-14,7.8731,80.7718,28.632648,6.4794025
2027-03-15,7.8731,80.7718,28.632648,6.3615017
2027-03-16,7.8731,80.7718,28.632648,6.122557
2027-03-17,7.8731,80.7718,28.632648,6.5987678
2027-03-18,7.8731,80.7718,28.632648,6.6116786
2027-03-19,7.8731,80.7718,28.632648,6.5587626
2027-03-20,7.8731,80.7718,28.632648,6.580694
2027-03-21,7.8731,80.7718,28.632648,6.698338
2027-03-22,7.8731,80.7718,28.632648,6.5080175
2027-03-23,7.8731,80.7718,28.632648,6.624724
2027-03-24,7.8731,80.7718,28.632648,6.538027
2027-03-25,7.8731,80.7718,28.632648,6.952986
2027-03-26,7.8731,80.7718,28.632648,6.890378
2027-03-27,7.8731,80.7718,28.632648,6.899017
2027-03-28,7.8731,80.7718,28.632648,6.9331064
2027-03-29,7.8731,80.7718,28.632648,6.9266806
2027-03-30,7.8731,80.7718,28.632648,6.9772453
2027-03-31,7.8731,80.7718,28.632648,6.90886
2027-04-01,7.8731,80.7718,28.396978,6.855743
2027-04-02,7.8731,80.7718,28.566545,6.721473
2027-04-03,7.8731,80.7718,28.606321,6.8154874
2027-04-04,7.8731,80.7718,28.797905,7.033834
2027-04-05,7.8731,80.7718,28.788448,6.9905734
2027-04-06,7.8731,80.7718,28.788448,6.961408
2027-04-07,7.8731,80.7718,28.788448,6.9471145
2027-04-08,7.8731,80.7718,28.788448,6.909964
2027-04-09,7.8731,80.7718,28.788448,6.999782
2027-04-10,7.8731,80.7718,28.788448,6.772313
2027-04-11,7.8731,80.7718,28.788448,6.571177
2027-04-12,7.8731,80.7718,28.788448,6.714551
2027-04-13,7.8731,80.7718,28.788448,6.706506
2027-04-14,7.8731,80.7718,28.788448,6.543971
2027-04-15,7.8731,80.7718,28.788448,6.5363784
2027-04-16,7.8731,80.7718,28.788448,6.4964366
2027-04-17,7.8731,80.7718,28.788448,6.4527144
2027-04-18,7.8731,80.7718,28.788448,6.3017917
2027-04-19,7.8731,80.7718,28.788448,6.470774
2027-04-20,7.8731,80.7718,28.788448,6.5350375
2027-04-21,7.8731,80.7718,28.788448,6.5704513
2027-04-22,7.8731,80.7718,28.788448,6.6245255
2027-04-23,7.8731,80.7718,28.788448,6.5596004
2027-04-24,7.8731,80.7718,28.788448,6.560697
2027-04-25,7.8731,80.7718,28.788448,6.574946
2027-04-26,7.8731,80.7718,28.788448,6.7055097
2027-04-27,7.8731,80.7718,28.788448,6.6986113
2027-04-28,7.8731,80.7718,28.788448,6.791906
2027-04-29,7.8731,80.7718,28.788448,6.79596
2027-04-30,7.8731,80.7718,28.788448,6.7835727
2027-05-01,7.8731,80.7718,28.786608,6.450827
2027-05-02,7.8731,80.7718,28.787336,6.438618
2027-05-03,7.8731,80.7718,28.651833,6.6758213
2027-05-04,7.8731,80.7718,28.608322,6.745121
2027-05-05,7.8731,80.7718,28.668358,6.4577665
2027-05-06,7.8731,80.7718,28.608322,6.4059024
2027-05-07,7.8731,80.7718,28.668358,6.4114203
2027-05-08,7.8731,80.7718,28.608322,6.3369904
2027-05-09,7.8731,80.7718,28.668358,6.4658957
2027-05-10,7.8731,80.7718,28.608322,6.2265186
2027-05-11,7.8731,80.7718,28.668358,6.5960407
2027-05-12,7.8731,80.7718,28.608322,6.463078
2027-05-13,7.8731,80.7718,28.668358,6.675977
2027-05-14,7.8731,80.7718,28.608322,6.569666
2027-05-15,7.8731,80.7718,28.668358,6.684892
2027-05-16,7.8731,80.7718,28.608322,6.533416
2027-05-17,7.8731,80.7718,28.668358,6.6431785
2027-05-18,7.8731,80.7718,28.608322,6.458772
2027-05-19,7.8731,80.7718,28.668358,6.6057863
2027-05-20,7.8731,80.7718,28.608322,6.457608
2027-05-21,7.8731,80.7718,28.668358,6.690518
2027-05-22,7.8731,80.7718,28.608322,6.5522127
2027-05-23,7.8731,80.7718,28.668358,6.6330733
2027-05-24,7.8731,80.7718,28.608322,6.497478
2027-05-25,7.8731,80.7718,28.668358,6.698319
2027-05-26,7.8731,80.7718,28.608322,6.624308
2027-05-27,7.8731,80.7718,28.668358,6.790221
2027-05-28,7.8731,80.7718,28.608322,6.5703964
2027-05-29,7.8731,80.7718,28.668358,6.722047
2027-05-30,7.8731,80.7718,28.608322,6.6090455
2027-05-31,7.8731,80.7718,28.209528,6.6354017
2027-06-01,7.8731,80.7718,27.93325,6.7537036
2027-06-02,7.8731,80.7718,27.747938,6.5798936
2027-06-03,7.8731,80.7718,27.74687,6.5089936
2027-06-04,7.8731,80.7718,27.74687,6.4932947
2027-06-05,7.8731,80.7718,27.74687,6.4057727
2027-06-06,7.8731,80.7718,27.74687,6.4210277
2027-06-07,7.8731,80.7718,27.74687,6.401101
2027-06-08,7.8731,80.7718,27.74687,6.4041195
2027-06-09,7.8731,80.7718,27.74687,6.4195642
2027-06-10,7.8731,80.7718,27.74687,6.431395
2027-06-11,7.8731,80.7718,27.74687,6.448496
2027-06-12,7.8731,80.7718,27.74687,6.5055785
2027-06-13,7.8731,80.7718,27.74687,6.5853996
2027-06-14,7.8731,80.7718,27.74687,6.5526543
2027-06-15,7.8731,80.7718,27.74687,6.6337323
2027-06-16,7.8731,80.7718,27.74687,6.6088285
2027-06-17,7.8731,80.7718,27.74687,6.421799
2027-06-18,7.8731,80.7718,27.74687,6.456848
2027-06-19,7.8731,80.7718,27.74687,6.446373
2027-06-20,7.8731,80.7718,27.74687,6.4462967
2027-06-21,7.8731,80.7718,27.74687,6.401027
2027-06-22,7.8731,80.7718,27.74687,6.474024
2027-06-23,7.8731,80.7718,27.74687,6.4515724
2027-06-24,7.8731,80.7718,27.74687,6.4236383
2027-06-25,7.8731,80.7718,27.74687,6.3080015
2027-06-26,7.8731,80.7718,27.74687,6.278814
2027-06-27,7.8731,80.7718,27.74687,6.285377
2027-06-28,7.8731,80.7718,27.74687,6.260274
2027-06-29,7.8731,80.7718,27.74687,6.301552
2027-06-30,7.8731,80.7718,27.74687,6.2931056
2027-07-01,7.8731,80.7718,27.700603,6.0607576
2027-07-02,7.8731,80.7718,27.307487,6.1817927
2027-07-03,7.8731,80.7718,27.247416,6.527681
2027-07-04,7.8731,80.7718,27.311237,6.617906
2027-07-05,7.8731,80.7718,27.247416,6.5067625
2027-07-06,7.8731,80.7718,27.311237,6.6018934
2027-07-07,7.8731,80.7718,27.247416,6.4935927
2027-07-08,7.8731,80.7718,27.311237,6.468778
2027-07-09,7.8731,80.7718,27.247416,6.500347
2027-07-10,7.8731,80.7718,27.311237,6.528407
2027-07-11,7.8731,80.7718,27.247416,6.512256
2027-07-12,7.8731,80.7718,27.311237,6.451566
2027-07-13,7.8731,80.7718,27.247416,6.5636272
2027-07-14,7.8731,80.7718,27.311237,6.5238843
2027-07-15,7.8731,80.7718,27.247416,6.617057
2027-07-16,7.8731,80.7718,27.311237,6.4069514
2027-07-17,7.8731,80.7718,27.247416,6.659722
2027-07-18,7.8731,80.7718,27.311237,6.6658554
2027-07-19,7.8731,80.7718,27.247416,6.5753217
2027-07-20,7.8731,80.7718,27.311237,6.6194687
2027-07-21,7.8731,80.7718,27.247416,6.560436
2027-07-22,7.8731,80.7718,27.311237,6.5337105
2027-07-23,7.8731,80.7718,27.247416,6.612999
2027-07-24,7.8731,80.7718,27.311237,6.610436
2027-07-25,7.8731,80.7718,27.247416,6.5615788
2027-07-26,7.8731,80.7718,27.311237,6.595368
2027-07-27,7.8731,80.7718,27.247416,6.570107
2027-07-28,7.8731,80.7718,27.311237,6.638285
2027-07-29,7.8731,80.7718,27.247416,6.721978
2027-07-30,7.8731,80.7718,27.311237,6.5392776
2027-07-31,7.8731,80.7718,27.284056,6.7886624
2027-08-01,7.8731,80.7718,27.382011,6.5926623
2027-08-02,7.8731,80.7718,27.285412,6.585192
2027-08-03,7.8731,80.7718,27.147587,6.520696
2027-08-04,7.8731,80.7718,26.65396,6.493541
2027-08-05,7.8731,80.7718,27.197905,6.5675106
2027-08-06,7.8731,80.7718,27.540628,6.64511
2027-08-07,7.8731,80.7718,26.836926,6.601279
2027-08-08,7.8731,80.7718,26.168184,6.7079744
2027-08-09,7.8731,80.7718,26.18474,6.6745524
2027-08-10,7.8731,80.7718,26.27187,6.542774
2027-08-11,7.8731,80.7718,26.371912,6.503319
2027-08-12,7.8731,80.7718,26.85862,6.5838056
2027-08-13,7.8731,80.7718,26.984798,6.536113
2027-08-14,7.8731,80.7718,27.076952,6.4847436
2027-08-15,7.8731,80.7718,26.651878,6.436442
2027-08-16,7.8731,80.7718,27.197905,6.6920204
2027-08-17,7.8731,80.7718,27.540628,6.6127043
2027-08-18,7.8731,80.7718,26.836926,6.739866
2027-08-19,7.8731,80.7718,26.168184,6.7100725
2027-08-20,7.8731,80.7718,26.18474,6.714869
2027-08-21,7.8731,80.7718,26.27187,6.695226
2027-08-22,7.8731,80.7718,26.371912,6.4950833
2027-08-23,7.8731,80.7718,26.85862,6.7760334
2027-08-24,7.8731,80.7718,26.984798,6.5741234
2027-08-25,7.8731,80.7718,27.076952,6.6174526
2027-08-26,7.8731,80.7718,26.651878,6.555756
2027-08-27,7.8731,80.7718,27.197905,6.654859
2027-08-28,7.8731,80.7718,27.540628,6.632205
2027-08-29,7.8731,80.7718,26.836926,6.616323
2027-08-30,7.8731,80.7718,25.803642,6.011538
2027-08-31,7.8731,80.7718,26.367357,6.191941
2027-09-01,7.8731,80.7718,26.139608,6.7524095
2027-09-02,7.8731,80.7718,26.157373,6.781117
2027-09-03,7.8731,80.7718,26.160465,7.2553916
2027-09-04,7.8731,80.7718,26.160465,6.755258
2027-09-05,7.8731,80.7718,26.160465,6.696998
2027-09-06,7.8731,80.7718,26.160465,6.5849757
2027-09-07,7.8731,80.7718,26.160465,6.57432
2027-09-08,7.8731,80.7718,26.160465,6.603502
2027-09-09,7.8731,80.7718,26.160465,6.6621847
2027-09-10,7.8731,80.7718,26.160465,6.4977136
2027-09-11,7.8731,80.7718,26.160465,6.56723
2027-09-12,7.8731,80.7718,26.160465,6.519458
2027-09-13,7.8731,80.7718,26.160465,6.65842
2027-09-14,7.8731,80.7718,26.160465,6.0440097
2027-09-15,7.8731,80.7718,26.160465,6.0884085
2027-09-16,7.8731,80.7718,26.160465,6.072213
2027-09-17,7.8731,80.7718,26.160465,6.063161
2027-09-18,7.8731,80.7718,26.160465,5.7420964
2027-09-19,7.8731,80.7718,26.160465,5.9722023
2027-09-20,7.8731,80.7718,26.160465,5.898006
2027-09-21,7.8731,80.7718,26.160465,5.712578
2027-09-22,7.8731,80.7718,26.160465,5.8399954
2027-09-23,7.8731,80.7718,26.160465,6.0177245
2027-09-24,7.8731,80.7718,26.160465,6.227839
2027-09-25,7.8731,80.7718,26.160465,6.1435933
2027-09-26,7.8731,80.7718,26.160465,6.1260104
2027-09-27,7.8731,80.7718,26.160465,5.9299607
2027-09-28,7.8731,80.7718,26.160465,5.873984
2027-09-29,7.8731,80.7718,26.160465,6.5811257
2027-09-30,7.8731,80.7718,26.370455,6.2177143
2027-10-01,7.8731,80.7718,26.019884,5.7999845
2027-10-02,7.8731,80.7718,25.326557,6.134966
2027-10-03,7.8731,80.7718,24.521202,6.0225997
2027-10-04,7.8731,80.7718,24.145008,5.986687
2027-10-05,7.8731,80.7718,24.562483,5.5917835
2027-10-06,7.8731,80.7718,24.27571,5.7508063
2027-10-07,7.8731,80.7718,24.396599,5.3422165
2027-10-08,7.8731,80.7718,24.886171,5.8926864
2027-10-09,7.8731,80.7718,25.330196,6.2496395
2027-10-10,7.8731,80.7718,24.521202,5.160387
2027-10-11,7.8731,80.7718,24.145008,5.9684434
2027-10-12,7.8731,80.7718,24.562483,5.6254683
2027-10-13,7.8731,80.7718,24.27571,6.3860817
2027-10-14,7.8731,80.7718,24.396599,6.230526
2027-10-15,7.8731,80.7718,24.886171,6.647878
2027-10-16,7.8731,80.7718,25.330196,6.8317757
2027-10-17,7.8731,80.7718,24.521202,5.4680276
2027-10-18,7.8731,80.7718,24.145008,6.0335326
2027-10-19,7.8731,80.7718,24.562483,5.804511
2027-10-20,7.8731,80.7718,24.27571,5.975241
2027-10-21,7.8731,80.7718,24.396599,5.8233695
2027-10-22,7.8731,80.7718,24.886171,6.3080425
2027-10-23,7.8731,80.7718,25.330196,6.5743103
2027-10-24,7.8731,80.7718,24.521202,5.793423
2027-10-25,7.8731,80.7718,24.145008,6.4105024
2027-10-26,7.8731,80.7718,24.562483,6.3139915
2027-10-27,7.8731,80.7718,24.27571,6.2018304
2027-10-28,7.8731,80.7718,24.396599,6.3883495
2027-10-29,7.8731,80.7718,24.886171,6.190368
2027-10-30,7.8731,80.7718,25.282742,6.698153
2027-10-31,7.8731,80.7718,25.070843,6.4239063
2027-11-01,7.8731,80.7718,25.22477,6.7193255
2027-11-02,7.8731,80.7718,25.12289,6.8074694
2027-11-03,7.8731,80.7718,25.68441,6.5936456
2027-11-04,7.8731,80.7718,25.610405,6.521502
2027-11-05,7.8731,80.7718,25.61892,6.418147
2027-11-06,7.8731,80.7718,24.71115,6.4596295
2027-11-07,7.8731,80.7718,25.006517,6.764344
2027-11-08,7.8731,80.7718,25.760067,6.7056828
2027-11-09,7.8731,80.7718,25.393835,6.701071
2027-11-10,7.8731,80.7718,25.12695,6.594888
2027-11-11,7.8731,80.7718,25.68441,6.3107095
2027-11-12,7.8731,80.7718,25.610405,6.164946
2027-11-13,7.8731,80.7718,25.61892,6.13571
2027-11-14,7.8731,80.7718,24.71115,6.2869396
2027-11-15,7.8731,80.7718,25.006517,5.5101733
2027-11-16,7.8731,80.7718,25.760067,5.7776895
2027-11-17,7.8731,80.7718,25.393835,5.9368725
2027-11-18,7.8731,80.7718,25.12695,5.5330887
2027-11-19,7.8731,80.7718,25.68441,6.0877843
2027-11-20,7.8731,80.7718,25.610405,5.669947
2027-11-21,7.8731,80.7718,25.61892,5.782198
2027-11-22,7.8731,80.7718,24.71115,5.212223
2027-11-23,7.8731,80.7718,25.006517,5.353281
2027-11-24,7.8731,80.7718,25.760067,6.0262365
2027-11-25,7.8731,80.7718,25.393835,5.810729
2027-11-26,7.8731,80.7718,25.12695,5.432292
2027-11-27,7.8731,80.7718,25.68441,6.073151
2027-11-28,7.8731,80.7718,25.610405,6.0693817
2027-11-29,7.8731,80.7718,25.61892,5.920772
2027-11-30,7.8731,80.7718,25.393019,5.7444067
2027-12-01,7.8731,80.7718,24.827246,5.6968184
2027-12-02,7.8731,80.7718,24.45214,5.7969813
2027-12-03,7.8731,80.7718,24.854057,6.141575
2027-12-04,7.8731,80.7718,24.45214,5.6754913
2027-12-05,7.8731,80.7718,24.854057,5.99329
2027-12-06,7.8731,80.7718,24.45214,5.6920195
2027-12-07,7.8731,80.7718,24.854057,5.265346
2027-12-08,7.8731,80.7718,24.45214,5.600449
2027-12-09,7.8731,80.7718,24.854057,5.783311
2027-12-10,7.8731,80.7718,24.45214,6.0264897
2027-12-11,7.8731,80.7718,24.854057,5.8204165
2027-12-12,7.8731,80.7718,24.45214,6.216495
2027-12-13,7.8731,80.7718,24.854057,5.934244
2027-12-14,7.8731,80.7718,24.45214,6.2229624
2027-12-15,7.8731,80.7718,24.854057,5.8055444
2027-12-16,7.8731,80.7718,24.45214,6.1681175
2027-12-17,7.8731,80.7718,24.854057,6.153005
2027-12-18,7.8731,80.7718,24.45214,6.0352507
2027-12-19,7.8731,80.7718,24.854057,6.0897923
2027-12-20,7.8731,80.7718,24.45214,6.2374144
2027-12-21,7.8731,80.7718,24.854057,5.547907
2027-12-22,7.8731,80.7718,24.45214,6.389733
2027-12-23,7.8731,80.7718,24.854057,6.5392923
2027-12-24,7.8731,80.7718,24.45214,6.344124
2027-12-25,7.8731,80.7718,24.854057,6.0930624
2027-12-26,7.8731,80.7718,24.45214,6.2859554
2027-12-27,7.8731,80.7718,24.854057,6.14197
2027-12-28,7.8731,80.7718,24.45214,6.2887177
2027-12-29,7.8731,80.7718,24.854057,6.037701
2027-12-30,7.8731,80.7718,24.446766,6.2626753
2027-12-31,7.8731,80.7718,24.61196,6.025619
2028-01-01,7.8731,80.7718,24.645325,5.949831
2028-01-02,7.8731,80.7718,24.897318,6.0924554
2028-01-03,7.8731,80.7718,25.001621,6.0274186
2028-01-04,7.8731,80.7718,24.963966,6.025461
2028-01-05,7.8731,80.7718,25.100374,5.5360193
2028-01-06,7.8731,80.7718,25.235083,5.667043
2028-01-07,7.8731,80.7718,25.628283,5.7625065
2028-01-08,7.8731,80.7718,25.643137,5.5072803
2028-01-09,7.8731,80.7718,25.643137,5.6151166
2028-01-10,7.8731,80.7718,25.643137,5.1800947
2028-01-11,7.8731,80.7718,25.643137,5.800368
2028-01-12,7.8731,80.7718,25.643137,5.705025
2028-01-13,7.8731,80.7718,25.643137,5.4388905
2028-01-14,7.8731,80.7718,25.643137,6.0437737
2028-01-15,7.8731,80.7718,25.643137,6.0824227
2028-01-16,7.8731,80.7718,25.643137,5.951749
2028-01-17,7.8731,80.7718,25.643137,6.042708
2028-01-18,7.8731,80.7718,25.643137,6.0739565
2028-01-19,7.8731,80.7718,25.643137,5.805774
2028-01-20,7.8731,80.7718,25.643137,5.642253
2028-01-21,7.8731,80.7718,25.643137,5.8035736
2028-01-22,7.8731,80.7718,25.643137,5.9644485
2028-01-23,7.8731,80.7718,25.643137,5.565828
2028-01-24,7.8731,80.7718,25.643137,5.3741546
2028-01-25,7.8731,80.7718,25.643137,5.4697533
2028-01-26,7.8731,80.7718,25.643137,5.7622914
2028-01-27,7.8731,80.7718,25.643137,5.3952293
2028-01-28,7.8731,80.7718,25.643137,5.6638126
2028-01-29,7.8731,80.7718,25.643137,5.6629367
2028-01-30,7.8731,80.7718,26.119438,5.666465
2028-01-31,7.8731,80.7718,27.194756,6.1944137
2028-02-01,7.8731,80.7718,26.875996,5.5491652
2028-02-02,7.8731,80.7718,26.548779,5.563716
2028-02-03,7.8731,80.7718,26.519281,5.5626383
2028-02-04,7.8731,80.7718,26.674633,5.6749697
2028-02-05,7.8731,80.7718,26.955332,5.815027
2028-02-06,7.8731,80.7718,26.70088,5.6202927
2028-02-07,7.8731,80.7718,26.862501,5.652303
2028-02-08,7.8731,80.7718,26.548779,5.6319256
2028-02-09,7.8731,80.7718,26.519281,5.739685
2028-02-10,7.8731,80.7718,26.674633,6.006297
2028-02-11,7.8731,80.7718,26.955332,5.983221
2028-02-12,7.8731,80.7718,26.70088,5.8589253
2028-02-13,7.8731,80.7718,26.862501,5.7302265
2028-02-14,7.8731,80.7718,26.548779,5.6268806
2028-02-15,7.8731,80.7718,26.519281,5.86548
2028-02-16,7.8731,80.7718,26.674633,6.0217023
2028-02-17,7.8731,80.7718,26.955332,5.897544
2028-02-18,7.8731,80.7718,26.70088,5.8086257
2028-02-19,7.8731,80.7718,26.862501,5.764926
2028-02-20,7.8731,80.7718,26.548779,6.207144
2028-02-21,7.8731,80.7718,26.519281,6.1708546
2028-02-22,7.8731,80.7718,26.674633,6.4686246
2028-02-23,7.8731,80.7718,26.955332,6.413288
2028-02-24,7.8731,80.7718,26.70088,6.1822267
2028-02-25,7.8731,80.7718,26.862501,6.222574
2028-02-26,7.8731,80.7718,26.548779,6.108
2028-02-27,7.8731,80.7718,26.519281,6.2846045
2028-02-28,7.8731,80.7718,26.674633,6.881877
2028-02-29,7.8731,80.7718,28.333439,6.934672
2028-03-01,7.8731,80.7718,28.179846,6.6620746
2028-03-02,7.8731,80.7718,28.233654,6.6736536
2028-03-03,7.8731,80.7718,27.891642,6.389328
2028-03-04,7.8731,80.7718,28.449291,6.6097035
2028-03-05,7.8731,80.7718,28.633675,6.6028824
2028-03-06,7.8731,80.7718,28.632648,6.5869484
2028-03-07,7.8731,80.7718,28.632648,6.6205325
2028-03-08,7.8731,80.7718,28.632648,6.5160775
2028-03-09,7.8731,80.7718,28.632648,6.4719524
2028-03-10,7.8731,80.7718,28.632648,6.4719524
2028-03-11,7.8731,80.7718,28.632648,6.202886
2028-03-12,7.8731,80.7718,28.632648,6.2998614
2028-03-13,7.8731,80.7718,28.632648,6.4794025
2028-03-14,7.8731,80.7718,28.632648,6.3615017
2028-03-15,7.8731,80.7718,28.632648,6.122557
2028-03-16,7.8731,80.7718,28.632648,6.5987678
2028-03-17,7.8731,80.7718,28.632648,6.6116786
2028-03-18,7.8731,80.7718,28.632648,6.5587626
2028-03-19,7.8731,80.7718,28.632648,6.580694
2028-03-20,7.8731,80.7718,28.632648,6.698338
2028-03-21,7.8731,80.7718,28.632648,6.5080175
2028-03-22,7.8731,80.7718,28.632648,6.624724
2028-03-23,7.8731,80.7718,28.632648,6.538027
2028-03-24,7.8731,80.7718,28.632648,6.952986
2028-03-25,7.8731,80.7718,28.632648,6.890378
2028-03-26,7.8731,80.7718,28.632648,6.899017
2028-03-27,7.8731,80.7718,28.632648,6.9331064
2028-03-28,7.8731,80.7718,28.632648,6.9266806
2028-03-29,7.8731,80.7718,28.632648,6.9772453
2028-03-30,7.8731,80.7718,28.632648,6.90886
2028-03-31,7.8731,80.7718,28.396978,6.855743
2028-04-01,7.8731,80.7718,28.566545,6.721473
2028-04-02,7.8731,80.7718,28.606321,6.8154874
2028-04-03,7.8731,80.7718,28.797905,7.033834
2028-04-04,7.8731,80.7718,28.788448,6.9905734
2028-04-05,7.8731,80.7718,28.788448,6.961408
2028-04-06,7.8731,80.7718,28.788448,6.9471145
2028-04-07,7.8731,80.7718,28.788448,6.909964
2028-04-08,7.8731,80.7718,28.788448,6.999782
2028-04-09,7.8731,80.7718,28.788448,6.772313
2028-04-10,7.8731,80.7718,28.788448,6.571177
2028-04-11,7.8731,80.7718,28.788448,6.714551
2028-04-12,7.8731,80.7718,28.788448,6.706506
2028-04-13,7.8731,80.7718,28.788448,6.543971
2028-04-14,7.8731,80.7718,28.788448,6.5363784
2028-04-15,7.8731,80.7718,28.788448,6.4964366
2028-04-16,7.8731,80.7718,28.788448,6.4527144
2028-04-17,7.8731,80.7718,28.788448,6.3017917
2028-04-18,7.8731,80.7718,28.788448,6.470774
2028-04-19,7.8731,80.7718,28.788448,6.5350375
2028-04-20,7.8731,80.7718,28.788448,6.5704513
2028-04-21,7.8731,80.7718,28.788448,6.6245255
2028-04-22,7.8731,80.7718,28.788448,6.5596004
2028-04-23,7.8731,80.7718,28.788448,6.560697
2028-04-24,7.8731,80.7718,28.788448,6.574946
2028-04-25,7.8731,80.7718,28.788448,6.7055097
2028-04-26,7.8731,80.7718,28.788448,6.6986113
2028-04-27,7.8731,80.7718,28.788448,6.791906
2028-04-28,7.8731,80.7718,28.788448,6.79596
2028-04-29,7.8731,80.7718,28.788448,6.7835727
2028-04-30,7.8731,80.7718,28.786608,6.450827
2028-05-01,7.8731,80.7718,28.787336,6.438618
2028-05-02,7.8731,80.7718,28.651833,6.6758213
2028-05-03,7.8731,80.7718,28.608322,6.745121
2028-05-04,7.8731,80.7718,28.668358,6.4577665
2028-05-05,7.8731,80.7718,28.608322,6.4059024
2028-05-06,7.8731,80.7718,28.668358,6.4114203
2028-05-07,7.8731,80.7718,28.608322,6.3369904
2028-05-08,7.8731,80.7718,28.668358,6.4658957
2028-05-09,7.8731,80.7718,28.608322,6.2265186
2028-05-10,7.8731,80.7718,28.668358,6.5960407
2028-05-11,7.8731,80.7718,28.608322,6.463078
2028-05-12,7.8731,80.7718,28.668358,6.675977
2028-05-13,7.8731,80.7718,28.608322,6.569666
2028-05-14,7.8731,80.7718,28.668358,6.684892
2028-05-15,7.8731,80.7718,28.608322,6.533416
2028-05-16,7.8731,80.7718,28.668358,6.6431785
2028-05-17,7.8731,80.7718,28.608322,6.458772
2028-05-18,7.8731,80.7718,28.668358,6.6057863
2028-05-19,7.8731,80.7718,28.608322,6.457608
2028-05-20,7.8731,80.7718,28.668358,6.690518
2028-05-21,7.8731,80.7718,28.608322,6.5522127
2028-05-22,7.8731,80.7718,28.668358,6.6330733
2028-05-23,7.8731,80.7718,28.608322,6.497478
2028-05-24,7.8731,80.7718,28.668358,6.698319
2028-05-25,7.8731,80.7718,28.608322,6.624308
2028-05-26,7.8731,80.7718,28.668358,6.790221
2028-05-27,7.8731,80.7718,28.608322,6.5703964
2028-05-28,7.8731,80.7718,28.668358,6.722047
2028-05-29,7.8731,80.7718,28.608322,6.6090455
2028-05-30,7.8731,80.7718,28.209528,6.6354017
2028-05-31,7.8731,80.7718,27.93325,6.7537036
2028-06-01,7.8731,80.7718,27.747938,6.5798936
2028-06-02,7.8731,80.7718,27.74687,6.5089936
2028-06-03,7.8731,80.7718,27.74687,6.4932947
2028-06-04,7.8731,80.7718,27.74687,6.4057727
2028-06-05,7.8731,80.7718,27.74687,6.4210277
2028-06-06,7.8731,80.7718,27.74687,6.401101
2028-06-07,7.8731,80.7718,27.74687,6.4041195
2028-06-08,7.8731,80.7718,27.74687,6.4195642
2028-06-09,7.8731,80.7718,27.74687,6.431395
2028-06-10,7.8731,80.7718,27.74687,6.448496
2028-06-11,7.8731,80.7718,27.74687,6.5055785
2028-06-12,7.8731,80.7718,27.74687,6.5853996
2028-06-13,7.8731,80.7718,27.74687,6.5526543
2028-06-14,7.8731,80.7718,27.74687,6.6337323
2028-06-15,7.8731,80.7718,27.74687,6.6088285
2028-06-16,7.8731,80.7718,27.74687,6.421799
2028-06-17,7.8731,80.7718,27.74687,6.456848
2028-06-18,7.8731,80.7718,27.74687,6.446373
2028-06-19,7.8731,80.7718,27.74687,6.4462967
2028-06-20,7.8731,80.7718,27.74687,6.401027
2028-06-21,7.8731,80.7718,27.74687,6.474024
2028-06-22,7.8731,80.7718,27.74687,6.4515724
2028-06-23,7.8731,80.7718,27.74687,6.4236383
2028-06-24,7.8731,80.7718,27.74687,6.3080015
2028-06-25,7.8731,80.7718,27.74687,6.278814
2028-06-26,7.8731,80.7718,27.74687,6.285377
2028-06-27,7.8731,80.7718,27.74687,6.260274
2028-06-28,7.8731,80.7718,27.74687,6.301552
2028-06-29,7.8731,80.7718,27.74687,6.2931056
2028-06-30,7.8731,80.7718,27.700603,6.0607576
2028-07-01,7.8731,80.7718,27.307487,6.1817927
2028-07-02,7.8731,80.7718,27.247416,6.527681
2028-07-03,7.8731,80.7718,27.311237,6.617906
2028-07-04,7.8731,80.7718,27.247416,6.5067625
2028-07-05,7.8731,80.7718,27.311237,6.6018934
2028-07-06,7.8731,80.7718,27.247416,6.4935927
2028-07-07,7.8731,80.7718,27.311237,6.468778
2028-07-08,7.8731,80.7718,27.247416,6.500347
2028-07-09,7.8731,80.7718,27.311237,6.528407
2028-07-10,7.8731,80.7718,27.247416,6.512256
2028-07-11,7.8731,80.7718,27.311237,6.451566
2028-07-12,7.8731,80.7718,27.247416,6.5636272
2028-07-13,7.8731,80.7718,27.311237,6.5238843
2028-07-14,7.8731,80.7718,27.247416,6.617057
2028-07-15,7.8731,80.7718,27.311237,6.4069514
2028-07-16,7.8731,80.7718,27.247416,6.659722
2028-07-17,7.8731,80.7718,27.311237,6.6658554
2028-07-18,7.8731,80.7718,27.247416,6.5753217
2028-07-19,7.8731,80.7718,27.311237,6.6194687
2028-07-20,7.8731,80.7718,27.247416,6.560436
2028-07-21,7.8731,80.7718,27.311237,6.5337105
2028-07-22,7.8731,80.7718,27.247416,6.612999
2028-07-23,7.8731,80.7718,27.311237,6.610436
2028-07-24,7.8731,80.7718,27.247416,6.5615788
2028-07-25,7.8731,80.7718,27.311237,6.595368
2028-07-26,7.8731,80.7718,27.247416,6.570107
2028-07-27,7.8731,80.7718,27.311237,6.638285
2028-07-28,7.8731,80.7718,27.247416,6.721978
2028-07-29,7.8731,80.7718,27.311237,6.5392776
2028-07-30,7.8731,80.7718,27.284056,6.7886624
2028-07-31,7.8731,80.7718,27.382011,6.5926623
2028-08-01,7.8731,80.7718,27.285412,6.585192
2028-08-02,7.8731,80.7718,27.147587,6.520696
2028-08-03,7.8731,80.7718,26.65396,6.493541
2028-08-04,7.8731,80.7718,27.197905,6.5675106
2028-08-05,7.8731,80.7718,27.540628,6.64511
2028-08-06,7.8731,80.7718,26.836926,6.601279
2028-08-07,7.8731,80.7718,26.168184,6.7079744
2028-08-08,7.8731,80.7718,26.18474,6.6745524
2028-08-09,7.8731,80.7718,26.27187,6.542774
2028-08-10,7.8731,80.7718,26.371912,6.503319
2028-08-11,7.8731,80.7718,26.85862,6.5838056
2028-08-12,7.8731,80.7718,26.984798,6.536113
2028-08-13,7.8731,80.7718,27.076952,6.4847436
2028-08-14,7.8731,80.7718,26.651878,6.436442
2028-08-15,7.8731,80.7718,27.197905,6.6920204
2028-08-16,7.8731,80.7718,27.540628,6.6127043
2028-08-17,7.8731,80.7718,26.836926,6.739866
2028-08-18,7.8731,80.7718,26.168184,6.7100725
2028-08-19,7.8731,80.7718,26.18474,6.714869
2028-08-20,7.8731,80.7718,26.27187,6.695226
2028-08-21,7.8731,80.7718,26.371912,6.4950833
2028-08-22,7.8731,80.7718,26.85862,6.7760334
2028-08-23,7.8731,80.7718,26.984798,6.5741234
2028-08-24,7.8731,80.7718,27.076952,6.6174526
2028-08-25,7.8731,80.7718,26.651878,6.555756
2028-08-26,7.8731,80.7718,27.197905,6.654859
2028-08-27,7.8731,80.7718,27.540628,6.632205
2028-08-28,7.8731,80.7718,26.836926,6.616323
2028-08-29,7.8731,80.7718,25.803642,6.011538
2028-08-30,7.8731,80.7718,26.367357,6.191941
2028-08-31,7.8731,80.7718,26.139608,6.7524095
2028-09-01,7.8731,80.7718,26.157373,6.781117
2028-09-02,7.8731,80.7718,26.160465,7.2553916
2028-09-03,7.8731,80.7718,26.160465,6.755258
2028-09-04,7.8731,80.7718,26.160465,6.696998
2028-09-05,7.8731,80.7718,26.160465,6.5849757
2028-09-06,7.8731,80.7718,26.160465,6.57432
2028-09-07,7.8731,80.7718,26.160465,6.603502
2028-09-08,7.8731,80.7718,26.160465,6.6621847
2028-09-09,7.8731,80.7718,26.160465,6.4977136
2028-09-10,7.8731,80.7718,26.160465,6.56723
2028-09-11,7.8731,80.7718,26.160465,6.519458
2028-09-12,7.8731,80.7718,26.160465,6.65842
2028-09-13,7.8731,80.7718,26.160465,6.0440097
2028-09-14,7.8731,80.7718,26.160465,6.0884085
2028-09-15,7.8731,80.7718,26.160465,6.072213
2028-09-16,7.8731,80.7718,26.160465,6.063161
2028-09-17,7.8731,80.7718,26.160465,5.7420964
2028-09-18,7.8731,80.7718,26.160465,5.9722023
2028-09-19,7.8731,80.7718,26.160465,5.898006
2028-09-20,7.8731,80.7718,26.160465,5.712578
2028-09-21,7.8731,80.7718,26.160465,5.8399954
2028-09-22,7.8731,80.7718,26.160465,6.0177245
2028-09-23,7.8731,80.7718,26.160465,6.227839
2028-09-24,7.8731,80.7718,26.160465,6.1435933
2028-09-25,7.8731,80.7718,26.160465,6.1260104
2028-09-26,7.8731,80.7718,26.160465,5.9299607
2028-09-27,7.8731,80.7718,26.160465,5.873984
2028-09-28,7.8731,80.7718,26.160465,6.5811257
2028-09-29,7.8731,80.7718,26.370455,6.2177143
2028-09-30,7.8731,80.7718,26.019884,5.7999845
2028-10-01,7.8731,80.7718,25.326557,6.134966
2028-10-02,7.8731,80.7718,24.521202,6.0225997
2028-10-03,7.8731,80.7718,24.145008,5.986687
2028-10-04,7.8731,80.7718,24.562483,5.5917835
2028-10-05,7.8731,80.7718,24.27571,5.7508063
2028-10-06,7.8731,80.7718,24.396599,5.3422165
2028-10-07,7.8731,80.7718,24.886171,5.8926864
2028-10-08,7.8731,80.7718,25.330196,6.2496395
2028-10-09,7.8731,80.7718,24.521202,5.160387
2028-10-10,7.8731,80.7718,24.145008,5.9684434
2028-10-11,7.8731,80.7718,24.562483,5.6254683
2028-10-12,7.8731,80.7718,24.27571,6.3860817
2028-10-13,7.8731,80.7718,24.396599,6.230526
2028-10-14,7.8731,80.7718,24.886171,6.647878
2028-10-15,7.8731,80.7718,25.330196,6.8317757
2028-10-16,7.8731,80.7718,24.521202,5.4680276
2028-10-17,7.8731,80.7718,24.145008,6.0335326
2028-10-18,7.8731,80.7718,24.562483,5.804511
2028-10-19,7.8731,80.7718,24.27571,5.975241
2028-10-20,7.8731,80.7718,24.396599,5.8233695
2028-10-21,7.8731,80.7718,24.886171,6.3080425
2028-10-22,7.8731,80.7718,25.330196,6.5743103
2028-10-23,7.8731,80.7718,24.521202,5.793423
2028-10-24,7.8731,80.7718,24.145008,6.4105024
2028-10-25,7.8731,80.7718,24.562483,6.3139915
2028-10-26,7.8731,80.7718,24.27571,6.2018304
2028-10-27,7.8731,80.7718,24.396599,6.3883495
2028-10-28,7.8731,80.7718,24.886171,6.190368
2028-10-29,7.8731,80.7718,25.282742,6.698153
2028-10-30,7.8731,80.7718,25.070843,6.4239063
2028-10-31,7.8731,80.7718,25.22477,6.7193255
2028-11-01,7.8731,80.7718,25.12289,6.8074694
2028-11-02,7.8731,80.7718,25.68441,6.5936456
2028-11-03,7.8731,80.7718,25.610405,6.521502
2028-11-04,7.8731,80.7718,25.61892,6.418147
2028-11-05,7.8731,80.7718,24.71115,6.4596295
2028-11-06,7.8731,80.7718,25.006517,6.764344
2028-11-07,7.8731,80.7718,25.760067,6.7056828
2028-11-08,7.8731,80.7718,25.393835,6.701071
2028-11-09,7.8731,80.7718,25.12695,6.594888
2028-11-10,7.8731,80.7718,25.68441,6.3107095
2028-11-11,7.8731,80.7718,25.610405,6.164946
2028-11-12,7.8731,80.7718,25.61892,6.13571
2028-11-13,7.8731,80.7718,24.71115,6.2869396
2028-11-14,7.8731,80.7718,25.006517,5.5101733
2028-11-15,7.8731,80.7718,25.760067,5.7776895
2028-11-16,7.8731,80.7718,25.393835,5.9368725
2028-11-17,7.8731,80.7718,25.12695,5.5330887
2028-11-18,7.8731,80.7718,25.68441,6.0877843
2028-11-19,7.8731,80.7718,25.610405,5.669947
2028-11-20,7.8731,80.7718,25.61892,5.782198
2028-11-21,7.8731,80.7718,24.71115,5.212223
2028-11-22,7.8731,80.7718,25.006517,5.353281
2028-11-23,7.8731,80.7718,25.760067,6.0262365
2028-11-24,7.8731,80.7718,25.393835,5.810729
2028-11-25,7.8731,80.7718,25.12695,5.432292
2028-11-26,7.8731,80.7718,25.68441,6.073151
2028-11-27,7.8731,80.7718,25.610405,6.0693817
2028-11-28,7.8731,80.7718,25.61892,5.920772
2028-11-29,7.8731,80.7718,25.393019,5.7444067
2028-11-30,7.8731,80.7718,24.827246,5.6968184
2028-12-01,7.8731,80.7718,24.45214,5.7969813
2028-12-02,7.8731,80.7718,24.854057,6.141575
2028-12-03,7.8731,80.7718,24.45214,5.6754913
2028-12-04,7.8731,80.7718,24.854057,5.99329
2028-12-05,7.8731,80.7718,24.45214,5.6920195
2028-12-06,7.8731,80.7718,24.854057,5.265346
2028-12-07,7.8731,80.7718,24.45214,5.600449
2028-12-08,7.8731,80.7718,24.854057,5.783311
2028-12-09,7.8731,80.7718,24.45214,6.0264897
2028-12-10,7.8731,80.7718,24.854057,5.8204165
2028-12-11,7.8731,80.7718,24.45214,6.216495
2028-12-12,7.8731,80.7718,24.854057,5.934244
2028-12-13,7.8731,80.7718,24.45214,6.2229624
2028-12-14,7.8731,80.7718,24.854057,5.8055444
2028-12-15,7.8731,80.7718,24.45214,6.1681175
2028-12-16,7.8731,80.7718,24.854057,6.153005
2028-12-17,7.8731,80.7718,24.45214,6.0352507
2028-12-18,7.8731,80.7718,24.854057,6.0897923
2028-12-19,7.8731,80.7718,24.45214,6.2374144
2028-12-20,7.8731,80.7718,24.854057,5.547907
2028-12-21,7.8731,80.7718,24.45214,6.389733
2028-12-22,7.8731,80.7718,24.854057,6.5392923
2028-12-23,7.8731,80.7718,24.45214,6.344124
2028-12-24,7.8731,80.7718,24.854057,6.0930624
2028-12-25,7.8731,80.7718,24.45214,6.2859554
2028-12-26,7.8731,80.7718,24.854057,6.14197
2028-12-27,7.8731,80.7718,24.45214,6.2887177
2028-12-28,7.8731,80.7718,24.854057,6.037701
2028-12-29,7.8731,80.7718,24.446766,6.2626753
2028-12-30,7.8731,80.7718,24.61196,6.025619
2028-12-31,7.8731,80.7718,24.645325,5.949831
2029-01-01,7.8731,80.7718,24.891943,6.041144
2029-01-02,7.8731,80.7718,25.001621,5.9903197
2029-01-03,7.8731,80.7718,24.963966,6.126369
2029-01-04,7.8731,80.7718,25.100374,5.573158
2029-01-05,7.8731,80.7718,25.235083,5.601961
2029-01-06,7.8731,80.7718,25.628283,5.8150053
2029-01-07,7.8731,80.7718,25.643137,5.7625065
2029-01-08,7.8731,80.7718,25.643137,5.5072803
2029-01-09,7.8731,80.7718,25.643137,5.6151166
2029-01-10,7.8731,80.7718,25.643137,5.1800947
2029-01-11,7.8731,80.7718,25.643137,5.800368
2029-01-12,7.8731,80.7718,25.643137,5.705025
2029-01-13,7.8731,80.7718,25.643137,5.4388905
2029-01-14,7.8731,80.7718,25.643137,6.0437737
2029-01-15,7.8731,80.7718,25.643137,6.0824227
2029-01-16,7.8731,80.7718,25.643137,5.951749
2029-01-17,7.8731,80.7718,25.643137,6.042708
2029-01-18,7.8731,80.7718,25.643137,6.0739565
2029-01-19,7.8731,80.7718,25.643137,5.805774
2029-01-20,7.8731,80.7718,25.643137,5.642253
2029-01-21,7.8731,80.7718,25.643137,5.8035736
2029-01-22,7.8731,80.7718,25.643137,5.9644485
2029-01-23,7.8731,80.7718,25.643137,5.565828
2029-01-24,7.8731,80.7718,25.643137,5.3741546
2029-01-25,7.8731,80.7718,25.643137,5.4697533
2029-01-26,7.8731,80.7718,25.643137,5.7622914
2029-01-27,7.8731,80.7718,25.643137,5.3952293
2029-01-28,7.8731,80.7718,25.643137,5.6638126
2029-01-29,7.8731,80.7718,25.643137,5.6629367
2029-01-30,7.8731,80.7718,26.119438,5.666465
2029-01-31,7.8731,80.7718,27.194756,6.1944137
2029-02-01,7.8731,80.7718,26.875996,5.5491652
2029-02-02,7.8731,80.7718,26.548779,5.563716
2029-02-03,7.8731,80.7718,26.519281,5.5626383
2029-02-04,7.8731,80.7718,26.674633,5.6749697
2029-02-05,7.8731,80.7718,26.955332,5.815027
2029-02-06,7.8731,80.7718,26.70088,5.6202927
2029-02-07,7.8731,80.7718,26.862501,5.652303
2029-02-08,7.8731,80.7718,26.548779,5.6319256
2029-02-09,7.8731,80.7718,26.519281,5.739685
2029-02-10,7.8731,80.7718,26.674633,6.006297
2029-02-11,7.8731,80.7718,26.955332,5.983221
2029-02-12,7.8731,80.7718,26.70088,5.8589253
2029-02-13,7.8731,80.7718,26.862501,5.7302265
2029-02-14,7.8731,80.7718,26.548779,5.6268806
2029-02-15,7.8731,80.7718,26.519281,5.86548
2029-02-16,7.8731,80.7718,26.674633,6.0217023
2029-02-17,7.8731,80.7718,26.955332,5.897544
2029-02-18,7.8731,80.7718,26.70088,5.8086257
2029-02-19,7.8731,80.7718,26.862501,5.764926
2029-02-20,7.8731,80.7718,26.548779,6.207144
2029-02-21,7.8731,80.7718,26.519281,6.1708546
2029-02-22,7.8731,80.7718,26.674633,6.4686246
2029-02-23,7.8731,80.7718,26.955332,6.413288
2029-02-24,7.8731,80.7718,26.70088,6.1822267
2029-02-25,7.8731,80.7718,26.862501,6.222574
2029-02-26,7.8731,80.7718,26.548779,6.108
2029-02-27,7.8731,80.7718,26.519281,6.2846045
2029-02-28,7.8731,80.7718,26.674633,6.881877
2029-03-01,7.8731,80.7718,28.333439,6.934672
2029-03-02,7.8731,80.7718,28.179846,6.6620746
2029-03-03,7.8731,80.7718,28.233654,6.6736536
2029-03-04,7.8731,80.7718,27.891642,6.389328
2029-03-05,7.8731,80.7718,28.449291,6.6097035
2029-03-06,7.8731,80.7718,28.633675,6.6028824
2029-03-07,7.8731,80.7718,28.632648,6.5869484
2029-03-08,7.8731,80.7718,28.632648,6.6205325
2029-03-09,7.8731,80.7718,28.632648,6.5160775
2029-03-10,7.8731,80.7718,28.632648,6.4719524
2029-03-11,7.8731,80.7718,28.632648,6.4719524
2029-03-12,7.8731,80.7718,28.632648,6.202886
2029-03-13,7.8731,80.7718,28.632648,6.2998614
2029-03-14,7.8731,80.7718,28.632648,6.4794025
2029-03-15,7.8731,80.7718,28.632648,6.3615017
2029-03-16,7.8731,80.7718,28.632648,6.122557
2029-03-17,7.8731,80.7718,28.632648,6.5987678
2029-03-18,7.8731,80.7718,28.632648,6.6116786
2029-03-19,7.8731,80.7718,28.632648,6.5587626
2029-03-20,7.8731,80.7718,28.632648,6.580694
2029-03-21,7.8731,80.7718,28.632648,6.698338
2029-03-22,7.8731,80.7718,28.632648,6.5080175
2029-03-23,7.8731,80.7718,28.632648,6.624724
2029-03-24,7.8731,80.7718,28.632648,6.538027
2029-03-25,7.8731,80.7718,28.632648,6.952986
2029-03-26,7.8731,80.7718,28.632648,6.890378
2029-03-27,7.8731,80.7718,28.632648,6.899017
2029-03-28,7.8731,80.7718,28.632648,6.9331064
2029-03-29,7.8731,80.7718,28.632648,6.9266806
2029-03-30,7.8731,80.7718,28.632648,6.9772453
2029-03-31,7.8731,80.7718,28.632648,6.90886
2029-04-01,7.8731,80.7718,28.396978,6.855743
2029-04-02,7.8731,80.7718,28.566545,6.721473
2029-04-03,7.8731,80.7718,28.606321,6.8154874
2029-04-04,7.8731,80.7718,28.797905,7.033834
2029-04-05,7.8731,80.7718,28.788448,6.9905734
2029-04-06,7.8731,80.7718,28.788448,6.961408
2029-04-07,7.8731,80.7718,28.788448,6.9471145
2029-04-08,7.8731,80.7718,28.788448,6.909964
2029-04-09,7.8731,80.7718,28.788448,6.999782
2029-04-10,7.8731,80.7718,28.788448,6.772313
2029-04-11,7.8731,80.7718,28.788448,6.571177
2029-04-12,7.8731,80.7718,28.788448,6.714551
2029-04-13,7.8731,80.7718,28.788448,6.706506
2029-04-14,7.8731,80.7718,28.788448,6.543971
2029-04-15,7.8731,80.7718,28.788448,6.5363784
2029-04-16,7.8731,80.7718,28.788448,6.4964366
2029-04-17,7.8731,80.7718,28.788448,6.4527144
2029-04-18,7.8731,80.7718,28.788448,6.3017917
2029-04-19,7.8731,80.7718,28.788448,6.470774
2029-04-20,7.8731,80.7718,28.788448,6.5350375
2029-04-21,7.8731,80.7718,28.788448,6.5704513
2029-04-22,7.8731,80.7718,28.788448,6.6245255
2029-04-23,7.8731,80.7718,28.788448,6.5596004
2029-04-24,7.8731,80.7718,28.788448,6.560697
2029-04-25,7.8731,80.7718,28.788448,6.574946
2029-04-26,7.8731,80.7718,28.788448,6.7055097
2029-04-27,7.8731,80.7718,28.788448,6.6986113
2029-04-28,7.8731,80.7718,28.788448,6.791906
2029-04-29,7.8731,80.7718,28.788448,6.79596
2029-04-30,7.8731,80.7718,28.788448,6.7835727
2029-05-01,7.8731,80.7718,28.786608,6.450827
2029-05-02,7.8731,80.7718,28.787336,6.438618
2029-05-03,7.8731,80.7718,28.651833,6.6758213
2029-05-04,7.8731,80.7718,28.608322,6.745121
2029-05-05,7.8731,80.7718,28.668358,6.4577665
2029-05-06,7.8731,80.7718,28.608322,6.4059024
2029-05-07,7.8731,80.7718,28.668358,6.4114203
2029-05-08,7.8731,80.7718,28.608322,6.3369904
2029-05-09,7.8731,80.7718,28.668358,6.4658957
2029-05-10,7.8731,80.7718,28.608322,6.2265186
2029-05-11,7.8731,80.7718,28.668358,6.5960407
2029-05-12,7.8731,80.7718,28.608322,6.463078
2029-05-13,7.8731,80.7718,28.668358,6.675977
2029-05-14,7.8731,80.7718,28.608322,6.569666
2029-05-15,7.8731,80.7718,28.668358,6.684892
2029-05-16,7.8731,80.7718,28.608322,6.533416
2029-05-17,7.8731,80.7718,28.668358,6.6431785
2029-05-18,7.8731,80.7718,28.608322,6.458772
2029-05-19,7.8731,80.7718,28.668358,6.6057863
2029-05-20,7.8731,80.7718,28.608322,6.457608
2029-05-21,7.8731,80.7718,28.668358,6.690518
2029-05-22,7.8731,80.7718,28.608322,6.5522127
2029-05-23,7.8731,80.7718,28.668358,6.6330733
2029-05-24,7.8731,80.7718,28.608322,6.497478
2029-05-25,7.8731,80.7718,28.668358,6.698319
2029-05-26,7.8731,80.7718,28.608322,6.624308
2029-05-27,7.8731,80.7718,28.668358,6.790221
2029-05-28,7.8731,80.7718,28.608322,6.5703964
2029-05-29,7.8731,80.7718,28.668358,6.722047
2029-05-30,7.8731,80.7718,28.608322,6.6090455
2029-05-31,7.8731,80.7718,28.209528,6.6354017
2029-06-01,7.8731,80.7718,27.93325,6.7537036
2029-06-02,7.8731,80.7718,27.747938,6.5798936
2029-06-03,7.8731,80.7718,27.74687,6.5089936
2029-06-04,7.8731,80.7718,27.74687,6.4932947
2029-06-05,7.8731,80.7718,27.74687,6.4057727
2029-06-06,7.8731,80.7718,27.74687,6.4210277
2029-06-07,7.8731,80.7718,27.74687,6.401101
2029-06-08,7.8731,80.7718,27.74687,6.4041195
2029-06-09,7.8731,80.7718,27.74687,6.4195642
2029-06-10,7.8731,80.7718,27.74687,6.431395
2029-06-11,7.8731,80.7718,27.74687,6.448496
2029-06-12,7.8731,80.7718,27.74687,6.5055785
2029-06-13,7.8731,80.7718,27.74687,6.5853996
2029-06-14,7.8731,80.7718,27.74687,6.5526543
2029-06-15,7.8731,80.7718,27.74687,6.6337323
2029-06-16,7.8731,80.7718,27.74687,6.6088285
2029-06-17,7.8731,80.7718,27.74687,6.421799
2029-06-18,7.8731,80.7718,27.74687,6.456848
2029-06-19,7.8731,80.7718,27.74687,6.446373
2029-06-20,7.8731,80.7718,27.74687,6.4462967
2029-06-21,7.8731,80.7718,27.74687,6.401027
2029-06-22,7.8731,80.7718,27.74687,6.474024
2029-06-23,7.8731,80.7718,27.74687,6.4515724
2029-06-24,7.8731,80.7718,27.74687,6.4236383
2029-06-25,7.8731,80.7718,27.74687,6.3080015
2029-06-26,7.8731,80.7718,27.74687,6.278814
2029-06-27,7.8731,80.7718,27.74687,6.285377
2029-06-28,7.8731,80.7718,27.74687,6.260274
2029-06-29,7.8731,80.7718,27.74687,6.301552
2029-06-30,7.8731,80.7718,27.74687,6.2931056
2029-07-01,7.8731,80.7718,27.700603,6.0607576
2029-07-02,7.8731,80.7718,27.307487,6.1817927
2029-07-03,7.8731,80.7718,27.247416,6.527681
2029-07-04,7.8731,80.7718,27.311237,6.617906
2029-07-05,7.8731,80.7718,27.247416,6.5067625
2029-07-06,7.8731,80.7718,27.311237,6.6018934
2029-07-07,7.8731,80.7718,27.247416,6.4935927
2029-07-08,7.8731,80.7718,27.311237,6.468778
2029-07-09,7.8731,80.7718,27.247416,6.500347
2029-07-10,7.8731,80.7718,27.311237,6.528407
2029-07-11,7.8731,80.7718,27.247416,6.512256
2029-07-12,7.8731,80.7718,27.311237,6.451566
2029-07-13,7.8731,80.7718,27.247416,6.5636272
2029-07-14,7.8731,80.7718,27.311237,6.5238843
2029-07-15,7.8731,80.7718,27.247416,6.617057
2029-07-16,7.8731,80.7718,27.311237,6.4069514
2029-07-17,7.8731,80.7718,27.247416,6.659722
2029-07-18,7.8731,80.7718,27.311237,6.6658554
2029-07-19,7.8731,80.7718,27.247416,6.5753217
2029-07-20,7.8731,80.7718,27.311237,6.6194687
2029-07-21,7.8731,80.7718,27.247416,6.560436
2029-07-22,7.8731,80.7718,27.311237,6.5337105
2029-07-23,7.8731,80.7718,27.247416,6.612999
2029-07-24,7.8731,80.7718,27.311237,6.610436
2029-07-25,7.8731,80.7718,27.247416,6.5615788
2029-07-26,7.8731,80.7718,27.311237,6.595368
2029-07-27,7.8731,80.7718,27.247416,6.570107
2029-07-28,7.8731,80.7718,27.311237,6.638285
2029-07-29,7.8731,80.7718,27.247416,6.721978
2029-07-30,7.8731,80.7718,27.311237,6.5392776
2029-07-31,7.8731,80.7718,27.284056,6.7886624
2029-08-01,7.8731,80.7718,27.382011,6.5926623
2029-08-02,7.8731,80.7718,27.285412,6.585192
2029-08-03,7.8731,80.7718,27.147587,6.520696
2029-08-04,7.8731,80.7718,26.65396,6.493541
2029-08-05,7.8731,80.7718,27.197905,6.5675106
2029-08-06,7.8731,80.7718,27.540628,6.64511
2029-08-07,7.8731,80.7718,26.836926,6.601279
2029-08-08,7.8731,80.7718,26.168184,6.7079744
2029-08-09,7.8731,80.7718,26.18474,6.6745524
2029-08-10,7.8731,80.7718,26.27187,6.542774
2029-08-11,7.8731,80.7718,26.371912,6.503319
2029-08-12,7.8731,80.7718,26.85862,6.5838056
2029-08-13,7.8731,80.7718,26.984798,6.536113
2029-08-14,7.8731,80.7718,27.076952,6.4847436
2029-08-15,7.8731,80.7718,26.651878,6.436442
2029-08-16,7.8731,80.7718,27.197905,6.6920204
2029-08-17,7.8731,80.7718,27.540628,6.6127043
2029-08-18,7.8731,80.7718,26.836926,6.739866
2029-08-19,7.8731,80.7718,26.168184,6.7100725
2029-08-20,7.8731,80.7718,26.18474,6.714869
2029-08-21,7.8731,80.7718,26.27187,6.695226
2029-08-22,7.8731,80.7718,26.371912,6.4950833
2029-08-23,7.8731,80.7718,26.85862,6.7760334
2029-08-24,7.8731,80.7718,26.984798,6.5741234
2029-08-25,7.8731,80.7718,27.076952,6.6174526
2029-08-26,7.8731,80.7718,26.651878,6.555756
2029-08-27,7.8731,80.7718,27.197905,6.654859
2029-08-28,7.8731,80.7718,27.540628,6.632205
2029-08-29,7.8731,80.7718,26.836926,6.616323
2029-08-30,7.8731,80.7718,25.803642,6.011538
2029-08-31,7.8731,80.7718,26.367357,6.191941
2029-09-01,7.8731,80.7718,26.139608,6.7524095
2029-09-02,7.8731,80.7718,26.157373,6.781117
2029-09-03,7.8731,80.7718,26.160465,7.2553916
2029-09-04,7.8731,80.7718,26.160465,6.755258
2029-09-05,7.8731,80.7718,26.160465,6.696998
2029-09-06,7.8731,80.7718,26.160465,6.5849757
2029-09-07,7.8731,80.7718,26.160465,6.57432
2029-09-08,7.8731,80.7718,26.160465,6.603502
2029-09-09,7.8731,80.7718,26.160465,6.6621847
2029-09-10,7.8731,80.7718,26.160465,6.4977136
2029-09-11,7.8731,80.7718,26.160465,6.56723
2029-09-12,7.8731,80.7718,26.160465,6.519458
2029-09-13,7.8731,80.7718,26.160465,6.65842
2029-09-14,7.8731,80.7718,26.160465,6.0440097
2029-09-15,7.8731,80.7718,26.160465,6.0884085
2029-09-16,7.8731,80.7718,26.160465,6.072213
2029-09-17,7.8731,80.7718,26.160465,6.063161
2029-09-18,7.8731,80.7718,26.160465,5.7420964
2029-09-19,7.8731,80.7718,26.160465,5.9722023
2029-09-20,7.8731,80.7718,26.160465,5.898006
2029-09-21,7.8731,80.7718,26.160465,5.712578
2029-09-22,7.8731,80.7718,26.160465,5.8399954
2029-09-23,7.8731,80.7718,26.160465,6.0177245
2029-09-24,7.8731,80.7718,26.160465,6.227839
2029-09-25,7.8731,80.7718,26.160465,6.1435933
2029-09-26,7.8731,80.7718,26.160465,6.1260104
2029-09-27,7.8731,80.7718,26.160465,5.9299607
2029-09-28,7.8731,80.7718,26.160465,5.873984
2029-09-29,7.8731,80.7718,26.160465,6.5811257
2029-09-30,7.8731,80.7718,26.370455,6.2177143
2029-10-01,7.8731,80.7718,26.019884,5.7999845
2029-10-02,7.8731,80.7718,25.326557,6.134966
2029-10-03,7.8731,80.7718,24.521202,6.0225997
2029-10-04,7.8731,80.7718,24.145008,5.986687
2029-10-05,7.8731,80.7718,24.562483,5.5917835
2029-10-06,7.8731,80.7718,24.27571,5.7508063
2029-10-07,7.8731,80.7718,24.396599,5.3422165
2029-10-08,7.8731,80.7718,24.886171,5.8926864
2029-10-09,7.8731,80.7718,25.330196,6.2496395
2029-10-10,7.8731,80.7718,24.521202,5.160387
2029-10-11,7.8731,80.7718,24.145008,5.9684434
2029-10-12,7.8731,80.7718,24.562483,5.6254683
2029-10-13,7.8731,80.7718,24.27571,6.3860817
2029-10-14,7.8731,80.7718,24.396599,6.230526
2029-10-15,7.8731,80.7718,24.886171,6.647878
2029-10-16,7.8731,80.7718,25.330196,6.8317757
2029-10-17,7.8731,80.7718,24.521202,5.4680276
2029-10-18,7.8731,80.7718,24.145008,6.0335326
2029-10-19,7.8731,80.7718,24.562483,5.804511
2029-10-20,7.8731,80.7718,24.27571,5.975241
2029-10-21,7.8731,80.7718,24.396599,5.8233695
2029-10-22,7.8731,80.7718,24.886171,6.3080425
2029-10-23,7.8731,80.7718,25.330196,6.5743103
2029-10-24,7.8731,80.7718,24.521202,5.793423
2029-10-25,7.8731,80.7718,24.145008,6.4105024
2029-10-26,7.8731,80.7718,24.562483,6.3139915
2029-10-27,7.8731,80.7718,24.27571,6.2018304
2029-10-28,7.8731,80.7718,24.396599,6.3883495
2029-10-29,7.8731,80.7718,24.886171,6.190368
2029-10-30,7.8731,80.7718,25.282742,6.698153
2029-10-31,7.8731,80.7718,25.070843,6.4239063
2029-11-01,7.8731,80.7718,25.22477,6.7193255
2029-11-02,7.8731,80.7718,25.12289,6.8074694
2029-11-03,7.8731,80.7718,25.68441,6.5936456
2029-11-04,7.8731,80.7718,25.610405,6.521502
2029-11-05,7.8731,80.7718,25.61892,6.418147
2029-11-06,7.8731,80.7718,24.71115,6.4596295
2029-11-07,7.8731,80.7718,25.006517,6.764344
2029-11-08,7.8731,80.7718,25.760067,6.7056828
2029-11-09,7.8731,80.7718,25.393835,6.701071
2029-11-10,7.8731,80.7718,25.12695,6.594888
2029-11-11,7.8731,80.7718,25.68441,6.3107095
2029-11-12,7.8731,80.7718,25.610405,6.164946
2029-11-13,7.8731,80.7718,25.61892,6.13571
2029-11-14,7.8731,80.7718,24.71115,6.2869396
2029-11-15,7.8731,80.7718,25.006517,5.5101733
2029-11-16,7.8731,80.7718,25.760067,5.7776895
2029-11-17,7.8731,80.7718,25.393835,5.9368725
2029-11-18,7.8731,80.7718,25.12695,5.5330887
2029-11-19,7.8731,80.7718,25.68441,6.0877843
2029-11-20,7.8731,80.7718,25.610405,5.669947
2029-11-21,7.8731,80.7718,25.61892,5.782198
2029-11-22,7.8731,80.7718,24.71115,5.212223
2029-11-23,7.8731,80.7718,25.006517,5.353281
2029-11-24,7.8731,80.7718,25.760067,6.0262365
2029-11-25,7.8731,80.7718,25.393835,5.810729
2029-11-26,7.8731,80.7718,25.12695,5.432292
2029-11-27,7.8731,80.7718,25.68441,6.073151
2029-11-28,7.8731,80.7718,25.610405,6.0693817
2029-11-29,7.8731,80.7718,25.61892,5.920772
2029-11-30,7.8731,80.7718,25.393019,5.7444067
2029-12-01,7.8731,80.7718,24.827246,5.6968184
2029-12-02,7.8731,80.7718,24.45214,5.7969813
2029-12-03,7.8731,80.7718,24.854057,6.141575
2029-12-04,7.8731,80.7718,24.45214,5.6754913
2029-12-05,7.8731,80.7718,24.854057,5.99329
2029-12-06,7.8731,80.7718,24.45214,5.6920195
2029-12-07,7.8731,80.7718,24.854057,5.265346
2029-12-08,7.8731,80.7718,24.45214,5.600449
2029-12-09,7.8731,80.7718,24.854057,5.783311
2029-12-10,7.8731,80.7718,24.45214,6.0264897
2029-12-11,7.8731,80.7718,24.854057,5.8204165
2029-12-12,7.8731,80.7718,24.45214,6.216495
2029-12-13,7.8731,80.7718,24.854057,5.934244
2029-12-14,7.8731,80.7718,24.45214,6.2229624
2029-12-15,7.8731,80.7718,24.854057,5.8055444
2029-12-16,7.8731,80.7718,24.45214,6.1681175
2029-12-17,7.8731,80.7718,24.854057,6.153005
2029-12-18,7.8731,80.7718,24.45214,6.0352507
2029-12-19,7.8731,80.7718,24.854057,6.0897923
2029-12-20,7.8731,80.7718,24.45214,6.2374144
2029-12-21,7.8731,80.7718,24.854057,5.547907
2029-12-22,7.8731,80.7718,24.45214,6.389733
2029-12-23,7.8731,80.7718,24.854057,6.5392923
2029-12-24,7.8731,80.7718,24.45214,6.344124
2029-12-25,7.8731,80.7718,24.854057,6.0930624
2029-12-26,7.8731,80.7718,24.45214,6.2859554
2029-12-27,7.8731,80.7718,24.854057,6.14197
2029-12-28,7.8731,80.7718,24.45214,6.2887177
2029-12-29,7.8731,80.7718,24.854057,6.037701
2029-12-30,7.8731,80.7718,24.446766,6.2626753
2029-12-31,7.8731,80.7718,24.61196,6.025619
2030-01-01,7.8731,80.7718,24.645325,5.949831
2030-01-02,7.8731,80.7718,24.897318,6.0924554
2030-01-03,7.8731,80.7718,25.001621,6.0274186
2030-01-04,7.8731,80.7718,24.963966,6.025461
2030-01-05,7.8731,80.7718,25.100374,5.5360193
2030-01-06,7.8731,80.7718,25.235083,5.667043
2030-01-07,7.8731,80.7718,25.628283,5.7625065
2030-01-08,7.8731,80.7718,25.643137,5.5072803
2030-01-09,7.8731,80.7718,25.643137,5.6151166
2030-01-10,7.8731,80.7718,25.643137,5.1800947
2030-01-11,7.8731,80.7718,25.643137,5.800368
2030-01-12,7.8731,80.7718,25.643137,5.705025
2030-01-13,7.8731,80.7718,25.643137,5.4388905
2030-01-14,7.8731,80.7718,25.643137,6.0437737
2030-01-15,7.8731,80.7718,25.643137,6.0824227
2030-01-16,7.8731,80.7718,25.643137,5.951749
2030-01-17,7.8731,80.7718,25.643137,6.042708
2030-01-18,7.8731,80.7718,25.643137,6.0739565
2030-01-19,7.8731,80.7718,25.643137,5.805774
2030-01-20,7.8731,80.7718,25.643137,5.642253
2030-01-21,7.8731,80.7718,25.643137,5.8035736
2030-01-22,7.8731,80.7718,25.643137,5.9644485
2030-01-23,7.8731,80.7718,25.643137,5.565828
2030-01-24,7.8731,80.7718,25.643137,5.3741546
2030-01-25,7.8731,80.7718,25.643137,5.4697533
2030-01-26,7.8731,80.7718,25.643137,5.7622914
2030-01-27,7.8731,80.7718,25.643137,5.3952293
2030-01-28,7.8731,80.7718,25.643137,5.6638126
2030-01-29,7.8731,80.7718,25.643137,5.6629367
2030-01-30,7.8731,80.7718,26.119438,5.666465
2030-01-31,7.8731,80.7718,27.194756,6.1944137
2030-02-01,7.8731,80.7718,26.875996,5.5491652
2030-02-02,7.8731,80.7718,26.548779,5.563716
2030-02-03,7.8731,80.7718,26.519281,5.5626383
2030-02-04,7.8731,80.7718,26.674633,5.6749697
2030-02-05,7.8731,80.7718,26.955332,5.815027
2030-02-06,7.8731,80.7718,26.70088,5.6202927
2030-02-07,7.8731,80.7718,26.862501,5.652303
2030-02-08,7.8731,80.7718,26.548779,5.6319256
2030-02-09,7.8731,80.7718,26.519281,5.739685
2030-02-10,7.8731,80.7718,26.674633,6.006297
2030-02-11,7.8731,80.7718,26.955332,5.983221
2030-02-12,7.8731,80.7718,26.70088,5.8589253
2030-02-13,7.8731,80.7718,26.862501,5.7302265
2030-02-14,7.8731,80.7718,26.548779,5.6268806
2030-02-15,7.8731,80.7718,26.519281,5.86548
2030-02-16,7.8731,80.7718,26.674633,6.0217023
2030-02-17,7.8731,80.7718,26.955332,5.897544
2030-02-18,7.8731,80.7718,26.70088,5.8086257
2030-02-19,7.8731,80.7718,26.862501,5.764926
2030-02-20,7.8731,80.7718,26.548779,6.207144
2030-02-21,7.8731,80.7718,26.519281,6.1708546
2030-02-22,7.8731,80.7718,26.674633,6.4686246
2030-02-23,7.8731,80.7718,26.955332,6.413288
2030-02-24,7.8731,80.7718,26.70088,6.1822267
2030-02-25,7.8731,80.7718,26.862501,6.222574
2030-02-26,7.8731,80.7718,26.548779,6.108
2030-02-27,7.8731,80.7718,26.519281,6.2846045
2030-02-28,7.8731,80.7718,26.674633,6.881877
2030-03-01,7.8731,80.7718,28.333439,6.934672
2030-03-02,7.8731,80.7718,28.179846,6.6620746
2030-03-03,7.8731,80.7718,28.233654,6.6736536
2030-03-04,7.8731,80.7718,27.891642,6.389328
2030-03-05,7.8731,80.7718,28.449291,6.6097035
2030-03-06,7.8731,80.7718,28.633675,6.6028824
2030-03-07,7.8731,80.7718,28.632648,6.5869484
2030-03-08,7.8731,80.7718,28.632648,6.6205325
2030-03-09,7.8731,80.7718,28.632648,6.5160775
2030-03-10,7.8731,80.7718,28.632648,6.4719524
2030-03-11,7.8731,80.7718,28.632648,6.4719524
2030-03-12,7.8731,80.7718,28.632648,6.202886
2030-03-13,7.8731,80.7718,28.632648,6.2998614
2030-03-14,7.8731,80.7718,28.632648,6.4794025
2030-03-15,7.8731,80.7718,28.632648,6.3615017
2030-03-16,7.8731,80.7718,28.632648,6.122557
2030-03-17,7.8731,80.7718,28.632648,6.5987678
2030-03-18,7.8731,80.7718,28.632648,6.6116786
2030-03-19,7.8731,80.7718,28.632648,6.5587626
2030-03-20,7.8731,80.7718,28.632648,6.580694
2030-03-21,7.8731,80.7718,28.632648,6.698338
2030-03-22,7.8731,80.7718,28.632648,6.5080175
2030-03-23,7.8731,80.7718,28.632648,6.624724
2030-03-24,7.8731,80.7718,28.632648,6.538027
2030-03-25,7.8731,80.7718,28.632648,6.952986
2030-03-26,7.8731,80.7718,28.632648,6.890378
2030-03-27,7.8731,80.7718,28.632648,6.899017
2030-03-28,7.8731,80.7718,28.632648,6.9331064
2030-03-29,7.8731,80.7718,28.632648,6.9266806
2030-03-30,7.8731,80.7718,28.632648,6.9772453
2030-03-31,7.8731,80.7718,28.632648,6.90886
2030-04-01,7.8731,80.7718,28.396978,6.855743
2030-04-02,7.8731,80.7718,28.566545,6.721473
2030-04-03,7.8731,80.7718,28.606321,6.8154874
2030-04-04,7.8731,80.7718,28.797905,7.033834
2030-04-05,7.8731,80.7718,28.788448,6.9905734
2030-04-06,7.8731,80.7718,28.788448,6.961408
2030-04-07,7.8731,80.7718,28.788448,6.9471145
2030-04-08,7.8731,80.7718,28.788448,6.909964
2030-04-09,7.8731,80.7718,28.788448,6.999782
2030-04-10,7.8731,80.7718,28.788448,6.772313
2030-04-11,7.8731,80.7718,28.788448,6.571177
2030-04-12,7.8731,80.7718,28.788448,6.714551
2030-04-13,7.8731,80.7718,28.788448,6.706506
2030-04-14,7.8731,80.7718,28.788448,6.543971
2030-04-15,7.8731,80.7718,28.788448,6.5363784
2030-04-16,7.8731,80.7718,28.788448,6.4964366
2030-04-17,7.8731,80.7718,28.788448,6.4527144
2030-04-18,7.8731,80.7718,28.788448,6.3017917
2030-04-19,7.8731,80.7718,28.788448,6.470774
2030-04-20,7.8731,80.7718,28.788448,6.5350375
2030-04-21,7.8731,80.7718,28.788448,6.5704513
2030-04-22,7.8731,80.7718,28.788448,6.6245255
2030-04-23,7.8731,80.7718,28.788448,6.5596004
2030-04-24,7.8731,80.7718,28.788448,6.560697
2030-04-25,7.8731,80.7718,28.788448,6.574946
2030-04-26,7.8731,80.7718,28.788448,6.7055097
2030-04-27,7.8731,80.7718,28.788448,6.6986113
2030-04-28,7.8731,80.7718,28.788448,6.791906
2030-04-29,7.8731,80.7718,28.788448,6.79596
2030-04-30,7.8731,80.7718,28.788448,6.7835727
2030-05-01,7.8731,80.7718,28.786608,6.450827
2030-05-02,7.8731,80.7718,28.787336,6.438618
2030-05-03,7.8731,80.7718,28.651833,6.6758213
2030-05-04,7.8731,80.7718,28.608322,6.745121
2030-05-05,7.8731,80.7718,28.668358,6.4577665
2030-05-06,7.8731,80.7718,28.608322,6.4059024
2030-05-07,7.8731,80.7718,28.668358,6.4114203
2030-05-08,7.8731,80.7718,28.608322,6.3369904
2030-05-09,7.8731,80.7718,28.668358,6.4658957
2030-05-10,7.8731,80.7718,28.608322,6.2265186
2030-05-11,7.8731,80.7718,28.668358,6.5960407
2030-05-12,7.8731,80.7718,28.608322,6.463078
2030-05-13,7.8731,80.7718,28.668358,6.675977
2030-05-14,7.8731,80.7718,28.608322,6.569666
2030-05-15,7.8731,80.7718,28.668358,6.684892
2030-05-16,7.8731,80.7718,28.608322,6.533416
2030-05-17,7.8731,80.7718,28.668358,6.6431785
2030-05-18,7.8731,80.7718,28.608322,6.458772
2030-05-19,7.8731,80.7718,28.668358,6.6057863
2030-05-20,7.8731,80.7718,28.608322,6.457608
2030-05-21,7.8731,80.7718,28.668358,6.690518
2030-05-22,7.8731,80.7718,28.608322,6.5522127
2030-05-23,7.8731,80.7718,28.668358,6.6330733
2030-05-24,7.8731,80.7718,28.608322,6.497478
2030-05-25,7.8731,80.7718,28.668358,6.698319
2030-05-26,7.8731,80.7718,28.608322,6.624308
2030-05-27,7.8731,80.7718,28.668358,6.790221
2030-05-28,7.8731,80.7718,28.608322,6.5703964
2030-05-29,7.8731,80.7718,28.668358,6.722047
2030-05-30,7.8731,80.7718,28.608322,6.6090455
2030-05-31,7.8731,80.7718,28.209528,6.6354017
2030-06-01,7.8731,80.7718,27.93325,6.7537036
2030-06-02,7.8731,80.7718,27.747938,6.5798936
2030-06-03,7.8731,80.7718,27.74687,6.5089936
2030-06-04,7.8731,80.7718,27.74687,6.4932947
2030-06-05,7.8731,80.7718,27.74687,6.4057727
2030-06-06,7.8731,80.7718,27.74687,6.4210277
2030-06-07,7.8731,80.7718,27.74687,6.401101
2030-06-08,7.8731,80.7718,27.74687,6.4041195
2030-06-09,7.8731,80.7718,27.74687,6.4195642
2030-06-10,7.8731,80.7718,27.74687,6.431395
2030-06-11,7.8731,80.7718,27.74687,6.448496
2030-06-12,7.8731,80.7718,27.74687,6.5055785
2030-06-13,7.8731,80.7718,27.74687,6.5853996
2030-06-14,7.8731,80.7718,27.74687,6.5526543
2030-06-15,7.8731,80.7718,27.74687,6.6337323
2030-06-16,7.8731,80.7718,27.74687,6.6088285
2030-06-17,7.8731,80.7718,27.74687,6.421799
2030-06-18,7.8731,80.7718,27.74687,6.456848
2030-06-19,7.8731,80.7718,27.74687,6.446373
2030-06-20,7.8731,80.7718,27.74687,6.4462967
2030-06-21,7.8731,80.7718,27.74687,6.401027
2030-06-22,7.8731,80.7718,27.74687,6.474024
2030-06-23,7.8731,80.7718,27.74687,6.4515724
2030-06-24,7.8731,80.7718,27.74687,6.4236383
2030-06-25,7.8731,80.7718,27.74687,6.3080015
2030-06-26,7.8731,80.7718,27.74687,6.278814
2030-06-27,7.8731,80.7718,27.74687,6.285377
2030-06-28,7.8731,80.7718,27.74687,6.260274
2030-06-29,7.8731,80.7718,27.74687,6.301552
2030-06-30,7.8731,80.7718,27.74687,6.2931056
2030-07-01,7.8731,80.7718,27.700603,6.0607576
2030-07-02,7.8731,80.7718,27.307487,6.1817927
2030-07-03,7.8731,80.7718,27.247416,6.527681
2030-07-04,7.8731,80.7718,27.311237,6.617906
2030-07-05,7.8731,80.7718,27.247416,6.5067625
2030-07-06,7.8731,80.7718,27.311237,6.6018934
2030-07-07,7.8731,80.7718,27.247416,6.4935927
2030-07-08,7.8731,80.7718,27.311237,6.468778
2030-07-09,7.8731,80.7718,27.247416,6.500347
2030-07-10,7.8731,80.7718,27.311237,6.528407
2030-07-11,7.8731,80.7718,27.247416,6.512256
2030-07-12,7.8731,80.7718,27.311237,6.451566
2030-07-13,7.8731,80.7718,27.247416,6.5636272
2030-07-14,7.8731,80.7718,27.311237,6.5238843
2030-07-15,7.8731,80.7718,27.247416,6.617057
2030-07-16,7.8731,80.7718,27.311237,6.4069514
2030-07-17,7.8731,80.7718,27.247416,6.659722
2030-07-18,7.8731,80.7718,27.311237,6.6658554
2030-07-19,7.8731,80.7718,27.247416,6.5753217
2030-07-20,7.8731,80.7718,27.311237,6.6194687
2030-07-21,7.8731,80.7718,27.247416,6.560436
2030-07-22,7.8731,80.7718,27.311237,6.5337105
2030-07-23,7.8731,80.7718,27.247416,6.612999
2030-07-24,7.8731,80.7718,27.311237,6.610436
2030-07-25,7.8731,80.7718,27.247416,6.5615788
2030-07-26,7.8731,80.7718,27.311237,6.595368
2030-07-27,7.8731,80.7718,27.247416,6.570107
2030-07-28,7.8731,80.7718,27.311237,6.638285
2030-07-29,7.8731,80.7718,27.247416,6.721978
2030-07-30,7.8731,80.7718,27.311237,6.5392776
2030-07-31,7.8731,80.7718,27.284056,6.7886624
2030-08-01,7.8731,80.7718,27.382011,6.5926623
2030-08-02,7.8731,80.7718,27.285412,6.585192
2030-08-03,7.8731,80.7718,27.147587,6.520696
2030-08-04,7.8731,80.7718,26.65396,6.493541
2030-08-05,7.8731,80.7718,27.197905,6.5675106
2030-08-06,7.8731,80.7718,27.540628,6.64511
2030-08-07,7.8731,80.7718,26.836926,6.601279
2030-08-08,7.8731,80.7718,26.168184,6.7079744
2030-08-09,7.8731,80.7718,26.18474,6.6745524
2030-08-10,7.8731,80.7718,26.27187,6.542774
2030-08-11,7.8731,80.7718,26.371912,6.503319
2030-08-12,7.8731,80.7718,26.85862,6.5838056
2030-08-13,7.8731,80.7718,26.984798,6.536113
2030-08-14,7.8731,80.7718,27.076952,6.4847436
2030-08-15,7.8731,80.7718,26.651878,6.436442
2030-08-16,7.8731,80.7718,27.197905,6.6920204
2030-08-17,7.8731,80.7718,27.540628,6.6127043
2030-08-18,7.8731,80.7718,26.836926,6.739866
2030-08-19,7.8731,80.7718,26.168184,6.7100725
2030-08-20,7.8731,80.7718,26.18474,6.714869
2030-08-21,7.8731,80.7718,26.27187,6.695226
2030-08-22,7.8731,80.7718,26.371912,6.4950833
2030-08-23,7.8731,80.7718,26.85862,6.7760334
2030-08-24,7.8731,80.7718,26.984798,6.5741234
2030-08-25,7.8731,80.7718,27.076952,6.6174526
2030-08-26,7.8731,80.7718,26.651878,6.555756
2030-08-27,7.8731,80.7718,27.197905,6.654859
2030-08-28,7.8731,80.7718,27.540628,6.632205
2030-08-29,7.8731,80.7718,26.836926,6.616323
2030-08-30,7.8731,80.7718,25.803642,6.011538
2030-08-31,7.8731,80.7718,26.367357,6.191941
2030-09-01,7.8731,80.7718,26.139608,6.7524095
2030-09-02,7.8731,80.7718,26.157373,6.781117
2030-09-03,7.8731,80.7718,26.160465,7.2553916
2030-09-04,7.8731,80.7718,26.160465,6.755258
2030-09-05,7.8731,80.7718,26.160465,6.696998
2030-09-06,7.8731,80.7718,26.160465,6.5849757
2030-09-07,7.8731,80.7718,26.160465,6.57432
2030-09-08,7.8731,80.7718,26.160465,6.603502
2030-09-09,7.8731,80.7718,26.160465,6.6621847
2030-09-10,7.8731,80.7718,26.160465,6.4977136
2030-09-11,7.8731,80.7718,26.160465,6.56723
2030-09-12,7.8731,80.7718,26.160465,6.519458
2030-09-13,7.8731,80.7718,26.160465,6.65842
2030-09-14,7.8731,80.7718,26.160465,6.0440097
2030-09-15,7.8731,80.7718,26.160465,6.0884085
2030-09-16,7.8731,80.7718,26.160465,6.072213
2030-09-17,7.8731,80.7718,26.160465,6.063161
2030-09-18,7.8731,80.7718,26.160465,5.7420964
2030-09-19,7.8731,80.7718,26.160465,5.9722023
2030-09-20,7.8731,80.7718,26.160465,5.898006
2030-09-21,7.8731,80.7718,26.160465,5.712578
2030-09-22,7.8731,80.7718,26.160465,5.8399954
2030-09-23,7.8731,80.7718,26.160465,6.0177245
2030-09-24,7.8731,80.7718,26.160465,6.227839
2030-09-25,7.8731,80.7718,26.160465,6.1435933
2030-09-26,7.8731,80.7718,26.160465,6.1260104
2030-09-27,7.8731,80.7718,26.160465,5.9299607
2030-09-28,7.8731,80.7718,26.160465,5.873984
2030-09-29,7.8731,80.7718,26.160465,6.5811257
2030-09-30,7.8731,80.7718,26.370455,6.2177143
2030-10-01,7.8731,80.7718,26.019884,5.7999845
2030-10-02,7.8731,80.7718,25.326557,6.134966
2030-10-03,7.8731,80.7718,24.521202,6.0225997
2030-10-04,7.8731,80.7718,24.145008,5.986687
2030-10-05,7.8731,80.7718,24.562483,5.5917835
2030-10-06,7.8731,80.7718,24.27571,5.7508063
2030-10-07,7.8731,80.7718,24.396599,5.3422165
2030-10-08,7.8731,80.7718,24.886171,5.8926864
2030-10-09,7.8731,80.7718,25.330196,6.2496395
2030-10-10,7.8731,80.7718,24.521202,5.160387
2030-10-11,7.8731,80.7718,24.145008,5.9684434
2030-10-12,7.8731,80.7718,24.562483,5.6254683
2030-10-13,7.8731,80.7718,24.27571,6.3860817
2030-10-14,7.8731,80.7718,24.396599,6.230526
2030-10-15,7.8731,80.7718,24.886171,6.647878
2030-10-16,7.8731,80.7718,25.330196,6.8317757
2030-10-17,7.8731,80.7718,24.521202,5.4680276
2030-10-18,7.8731,80.7718,24.145008,6.0335326
2030-10-19,7.8731,80.7718,24.562483,5.804511
2030-10-20,7.8731,80.7718,24.27571,5.975241
2030-10-21,7.8731,80.7718,24.396599,5.8233695
2030-10-22,7.8731,80.7718,24.886171,6.3080425
2030-10-23,7.8731,80.7718,25.330196,6.5743103
2030-10-24,7.8731,80.7718,24.521202,5.793423
2030-10-25,7.8731,80.7718,24.145008,6.4105024
2030-10-26,7.8731,80.7718,24.562483,6.3139915
2030-10-27,7.8731,80.7718,24.27571,6.2018304
2030-10-28,7.8731,80.7718,24.396599,6.3883495
2030-10-29,7.8731,80.7718,24.886171,6.190368
2030-10-30,7.8731,80.7718,25.282742,6.698153
2030-10-31,7.8731,80.7718,25.070843,6.4239063
2030-11-01,7.8731,80.7718,25.22477,6.7193255
2030-11-02,7.8731,80.7718,25.12289,6.8074694
2030-11-03,7.8731,80.7718,25.68441,6.5936456
2030-11-04,7.8731,80.7718,25.610405,6.521502
2030-11-05,7.8731,80.7718,25.61892,6.418147
2030-11-06,7.8731,80.7718,24.71115,6.4596295
2030-11-07,7.8731,80.7718,25.006517,6.764344
2030-11-08,7.8731,80.7718,25.760067,6.7056828
2030-11-09,7.8731,80.7718,25.393835,6.701071
2030-11-10,7.8731,80.7718,25.12695,6.594888
2030-11-11,7.8731,80.7718,25.68441,6.3107095
2030-11-12,7.8731,80.7718,25.610405,6.164946
2030-11-13,7.8731,80.7718,25.61892,6.13571
2030-11-14,7.8731,80.7718,24.71115,6.2869396
2030-11-15,7.8731,80.7718,25.006517,5.5101733
2030-11-16,7.8731,80.7718,25.760067,5.7776895
2030-11-17,7.8731,80.7718,25.393835,5.9368725
2030-11-18,7.8731,80.7718,25.12695,5.5330887
2030-11-19,7.8731,80.7718,25.68441,6.0877843
2030-11-20,7.8731,80.7718,25.610405,5.669947
2030-11-21,7.8731,80.7718,25.61892,5.782198
2030-11-22,7.8731,80.7718,24.71115,5.212223
2030-11-23,7.8731,80.7718,25.006517,5.353281
2030-11-24,7.8731,80.7718,25.760067,6.0262365
2030-11-25,7.8731,80.7718,25.393835,5.810729
2030-11-26,7.8731,80.7718,25.12695,5.432292
2030-11-27,7.8731,80.7718,25.68441,6.073151
2030-11-28,7.8731,80.7718,25.610405,6.0693817
2030-11-29,7.8731,80.7718,25.61892,5.920772
2030-11-30,7.8731,80.7718,25.393019,5.7444067
2030-12-01,7.8731,80.7718,24.827246,5.6968184
2030-12-02,7.8731,80.7718,24.45214,5.7969813
2030-12-03,7.8731,80.7718,24.854057,6.141575
2030-12-04,7.8731,80.7718,24.45214,5.6754913
2030-12-05,7.8731,80.7718,24.854057,5.99329
2030-12-06,7.8731,80.7718,24.45214,5.6920195
2030-12-07,7.8731,80.7718,24.854057,5.265346
2030-12-08,7.8731,80.7718,24.45214,5.600449
2030-12-09,7.8731,80.7718,24.854057,5.783311
2030-12-10,7.8731,80.7718,24.45214,6.0264897
2030-12-11,7.8731,80.7718,24.854057,5.8204165
2030-12-12,7.8731,80.7718,24.45214,6.216495
2030-12-13,7.8731,80.7718,24.854057,5.934244
2030-12-14,7.8731,80.7718,24.45214,6.2229624
2030-12-15,7.8731,80.7718,24.854057,5.8055444
2030-12-16,7.8731,80.7718,24.45214,6.1681175
2030-12-17,7.8731,80.7718,24.854057,6.153005
2030-12-18,7.8731,80.7718,24.45214,6.0352507
2030-12-19,7.8731,80.7718,24.854057,6.0897923
2030-12-20,7.8731,80.7718,24.45214,6.2374144
2030-12-21,7.8731,80.7718,24.854057,5.547907
2030-12-22,7.8731,80.7718,24.45214,6.389733
2030-12-23,7.8731,80.7718,24.854057,6.5392923
2030-12-24,7.8731,80.7718,24.45214,6.344124
2030-12-25,7.8731,80.7718,24.854057,6.0930624
2030-12-26,7.8731,80.7718,24.45214,6.2859554
2030-12-27,7.8731,80.7718,24.854057,6.14197
2030-12-28,7.8731,80.7718,24.45214,6.2887177
2030-12-29,7.8731,80.7718,24.854057,6.037701
2030-12-30,7.8731,80.7718,24.446766,6.2626753
2030-12-31,7.8731,80.7718,24.61196,6.025619
