,ALLSKY_SFC_SW_DWN,T2M
2010-01-01,4.97,22.53
2010-01-02,4.46,22.94
2010-01-03,3.49,22.49
2010-01-04,4.67,21.51
2010-01-05,5.64,20.48
2010-01-06,5.78,20.71
2010-01-07,3.23,22.34
2010-01-08,2.81,23.29
2010-01-09,4.92,24.41
2010-01-10,5.45,23.86
2010-01-11,5.56,24.33
2010-01-12,5.57,24.27
2010-01-13,5.34,24.26
2010-01-14,5.95,23.56
2010-01-15,5.99,22.81
2010-01-16,3.58,23.56
2010-01-17,3.8,23.21
2010-01-18,4.13,23.04
2010-01-19,5.67,22.91
2010-01-20,5.73,22.35
2010-01-21,5.63,22.04
2010-01-22,5.97,21.41
2010-01-23,5.79,21.44
2010-01-24,5.64,21.52
2010-01-25,5.96,21.86
2010-01-26,5.9,22.76
2010-01-27,4.55,23.84
2010-01-28,5.3,23.6
2010-01-29,4.94,23.37
2010-01-30,2.75,23.56
2010-01-31,3.86,23.62
2010-02-01,4.06,23.7
2010-02-02,4.23,23.55
2010-02-03,5.28,23.16
2010-02-04,5.58,22.54
2010-02-05,5.83,22.84
2010-02-06,6.17,22.74
2010-02-07,5.14,22.29
2010-02-08,6.13,21.59
2010-02-09,5.27,22.07
2010-02-10,4.56,24.01
2010-02-11,3.71,24.31
2010-02-12,3.3,23.64
2010-02-13,5.64,24.07
2010-02-14,6.54,23.22
2010-02-15,6.93,22.74
2010-02-16,3.4,23.78
2010-02-17,5.49,24.47
2010-02-18,6.58,23.96
2010-02-19,6.42,23.94
2010-02-20,6.69,23.79
2010-02-21,6.85,23.77
2010-02-22,6.78,24.03
2010-02-23,6.12,23.53
2010-02-24,6.8,23.9
2010-02-25,6.57,24.6
2010-02-26,6.39,24.14
2010-02-27,6.6,23.64
2010-02-28,6.9,24.01
2010-03-01,6.72,23.27
2010-03-02,6.67,22.84
2010-03-03,6.98,22.65
2010-03-04,6.15,24.43
2010-03-05,6.3,25.6
2010-03-06,6.36,25.36
2010-03-07,6.07,25.74
2010-03-08,6.2,26.43
2010-03-09,6.81,25.73
2010-03-10,6.82,25.14
2010-03-11,6.43,25.77
2010-03-12,5.29,26.24
2010-03-13,5.93,25.82
2010-03-14,6.45,26.43
2010-03-15,6.88,26.41
2010-03-16,6.56,26.1
2010-03-17,6.63,25.26
2010-03-18,4.85,25.79
2010-03-19,5.62,26.67
2010-03-20,6.24,26.88
2010-03-21,6.64,27.53
2010-03-22,5.63,27.79
2010-03-23,6.33,28.25
2010-03-24,4.13,27.22
2010-03-25,6.05,27.69
2010-03-26,6.11,26.94
2010-03-27,3.98,26.17
2010-03-28,5.73,26.46
2010-03-29,4.71,27.18
2010-03-30,5.36,27.48
2010-03-31,6.23,26.38
2010-04-01,6.21,26.72
2010-04-02,6.36,27.18
2010-04-03,6.04,27.63
2010-04-04,5.36,27.27
2010-04-05,5.55,26.94
2010-04-06,5.83,26.06
2010-04-07,5.1,26.28
2010-04-08,4.85,26.29
2010-04-09,5.79,26.55
2010-04-10,6.04,26.77
2010-04-11,5.87,27.59
2010-04-12,5.79,27.17
2010-04-13,5.98,27.16
2010-04-14,3.38,26.35
2010-04-15,6.36,27.91
2010-04-16,5.64,27.83
2010-04-17,5.78,26.73
2010-04-18,6.7,27.4
2010-04-19,5.95,25.89
2010-04-20,6.1,26.63
2010-04-21,5.84,26.41
2010-04-22,5.45,26.81
2010-04-23,4.5,26.68
2010-04-24,4.52,26.16
2010-04-25,5.73,27.09
2010-04-26,5.56,26.24
2010-04-27,6.13,26.43
2010-04-28,6.21,26.67
2010-04-29,6.15,27.1
2010-04-30,5.35,27.01
2010-05-01,6.36,26.38
2010-05-02,6.32,27.06
2010-05-03,6.01,26.02
2010-05-04,6.12,25.67
2010-05-05,5.75,26.34
2010-05-06,6.03,26.05
2010-05-07,5.67,26.59
2010-05-08,5.21,26.04
2010-05-09,4.76,26.32
2010-05-10,6.13,26.73
2010-05-11,5.9,26.74
2010-05-12,5.84,26.87
2010-05-13,6.06,26.92
2010-05-14,5.53,25.36
2010-05-15,5.75,26.31
2010-05-16,5.35,26.35
2010-05-17,4.07,25.8
2010-05-18,3.91,25.34
2010-05-19,3.85,25.77
2010-05-20,2.74,25.08
2010-05-21,3.87,24.93
2010-05-22,4.58,25.57
2010-05-23,5.13,25.56
2010-05-24,4.75,25.78
2010-05-25,5.14,25.41
2010-05-26,5.06,26.22
2010-05-27,5.23,26.37
2010-05-28,5.54,26.44
2010-05-29,5.47,26.31
2010-05-30,5.76,25.91
2010-05-31,5.61,25.98
2010-06-01,6.05,26.51
2010-06-02,5.84,26.52
2010-06-03,5.8,26.33
2010-06-04,5.52,26.5
2010-06-05,5.53,25.8
2010-06-06,4.73,25.7
2010-06-07,4.52,25.46
2010-06-08,3.98,24.4
2010-06-09,4.61,24.96
2010-06-10,4.12,25.08
2010-06-11,3.69,24.87
2010-06-12,4.04,25.07
2010-06-13,3.48,25.2
2010-06-14,5.14,24.64
2010-06-15,5.8,24.95
2010-06-16,5.25,25.02
2010-06-17,5.33,25.1
2010-06-18,4.99,25.02
2010-06-19,5.57,25.26
2010-06-20,4.82,25.46
2010-06-21,5.21,25.42
2010-06-22,5.15,25.37
2010-06-23,4.66,25.13
2010-06-24,4.87,25.21
2010-06-25,5.16,25.2
2010-06-26,5.75,25.53
2010-06-27,5.36,25.48
2010-06-28,4.49,25.42
2010-06-29,5.15,25.36
2010-06-30,4.36,24.62
2010-07-01,3.86,24.43
2010-07-02,4.33,24.8
2010-07-03,4.92,25.27
2010-07-04,5.01,25.32
2010-07-05,4.42,24.98
2010-07-06,4.64,24.7
2010-07-07,5.52,26.03
2010-07-08,5.44,25.7
2010-07-09,6.19,25.59
2010-07-10,5.82,25.98
2010-07-11,5.99,25.15
2010-07-12,6.16,24.76
2010-07-13,5.43,24.2
2010-07-14,4.68,24.6
2010-07-15,4.55,24.73
2010-07-16,4.1,24.68
2010-07-17,4.41,24.87
2010-07-18,3.81,24.81
2010-07-19,3.86,23.6
2010-07-20,4.25,23.96
2010-07-21,5.28,25.09
2010-07-22,5.18,25.14
2010-07-23,5.11,25.01
2010-07-24,5.33,24.87
2010-07-25,5.18,24.64
2010-07-26,5.27,24.73
2010-07-27,4.58,24.93
2010-07-28,4.8,24.13
2010-07-29,5.06,24.58
2010-07-30,4.4,24.62
2010-07-31,5.59,24.67
2010-08-01,6.03,24.78
2010-08-02,5.57,24.75
2010-08-03,4.33,24.64
2010-08-04,4.78,25.17
2010-08-05,5.13,25.43
2010-08-06,5.4,25.4
2010-08-07,5.1,25.35
2010-08-08,5.04,25.84
2010-08-09,5.23,25.54
2010-08-10,6.09,25.79
2010-08-11,5.69,25.74
2010-08-12,4.75,25.15
2010-08-13,4.66,25.27
2010-08-14,4.84,24.89
2010-08-15,3.03,24.35
2010-08-16,4.18,24.49
2010-08-17,5.58,24.81
2010-08-18,5.23,25.21
2010-08-19,4.58,24.85
2010-08-20,3.58,24.71
2010-08-21,2.27,23.63
2010-08-22,5.15,24.08
2010-08-23,5.33,24.9
2010-08-24,3.68,24.82
2010-08-25,4.2,24.11
2010-08-26,3.86,24.28
2010-08-27,4.63,24.27
2010-08-28,4.65,24.72
2010-08-29,3.25,24.77
2010-08-30,3.32,23.44
2010-08-31,5.25,24.28
2010-09-01,6.16,24.21
2010-09-02,6.06,24.48
2010-09-03,6.03,24.79
2010-09-04,5.13,24.77
2010-09-05,6.04,25.11
2010-09-06,5.69,24.84
2010-09-07,5.22,25.34
2010-09-08,5.24,25.43
2010-09-09,5.72,25.22
2010-09-10,4.23,24.46
2010-09-11,4.7,24.83
2010-09-12,5.06,25.09
2010-09-13,4.94,24.82
2010-09-14,3.51,24.53
2010-09-15,5.18,24.88
2010-09-16,5.45,25.12
2010-09-17,5.18,25.28
2010-09-18,4.33,24.56
2010-09-19,4.23,24.78
2010-09-20,4.64,24.99
2010-09-21,3.53,23.94
2010-09-22,5.26,24.0
2010-09-23,5.11,24.09
2010-09-24,3.77,24.36
2010-09-25,4.88,24.62
2010-09-26,4.79,24.96
2010-09-27,3.96,25.18
2010-09-28,4.15,24.59
2010-09-29,3.36,23.62
2010-09-30,4.42,24.23
2010-10-01,5.08,24.75
2010-10-02,4.4,23.7
2010-10-03,4.51,23.67
2010-10-04,5.03,24.4
2010-10-05,4.35,25.03
2010-10-06,4.21,24.86
2010-10-07,3.91,25.0
2010-10-08,4.02,25.08
2010-10-09,3.89,24.82
2010-10-10,4.55,24.45
2010-10-11,5.66,24.81
2010-10-12,5.08,24.5
2010-10-13,6.18,24.21
2010-10-14,5.87,23.95
2010-10-15,5.95,23.97
2010-10-16,5.17,24.47
2010-10-17,5.01,24.41
2010-10-18,4.82,23.9
2010-10-19,5.66,24.06
2010-10-20,5.9,24.37
2010-10-21,5.63,24.26
2010-10-22,5.8,23.97
2010-10-23,6.0,23.58
2010-10-24,5.69,24.35
2010-10-25,5.82,24.44
2010-10-26,6.01,24.0
2010-10-27,4.12,23.82
2010-10-28,2.32,23.84
2010-10-29,4.63,24.44
2010-10-30,5.36,23.83
2010-10-31,4.23,24.06
2010-11-01,4.13,24.24
2010-11-02,5.26,24.15
2010-11-03,5.44,24.43
2010-11-04,3.72,24.34
2010-11-05,2.62,22.94
2010-11-06,1.75,22.06
2010-11-07,3.72,24.52
2010-11-08,5.17,24.47
2010-11-09,5.03,24.25
2010-11-10,5.02,24.67
2010-11-11,3.93,23.63
2010-11-12,5.54,24.27
2010-11-13,4.64,25.02
2010-11-14,5.44,24.57
2010-11-15,4.93,24.16
2010-11-16,5.27,24.22
2010-11-17,3.81,24.27
2010-11-18,5.58,24.71
2010-11-19,2.89,23.75
2010-11-20,3.95,23.75
2010-11-21,4.0,23.24
2010-11-22,4.7,22.75
2010-11-23,4.03,22.84
2010-11-24,2.95,23.17
2010-11-25,3.65,23.62
2010-11-26,3.16,23.71
2010-11-27,4.39,23.52
2010-11-28,3.88,23.62
2010-11-29,4.67,23.19
2010-11-30,2.6,23.07
2010-12-01,2.76,23.88
2010-12-02,3.12,23.43
2010-12-03,1.63,23.49
2010-12-04,2.83,23.31
2010-12-05,1.93,21.7
2010-12-06,4.08,21.8
2010-12-07,2.51,23.85
2010-12-08,3.07,23.51
2010-12-09,2.79,23.15
2010-12-10,4.32,23.39
2010-12-11,4.9,22.99
2010-12-12,5.41,23.14
2010-12-13,6.03,23.14
2010-12-14,5.32,23.69
2010-12-15,4.03,23.51
2010-12-16,4.64,23.33
2010-12-17,4.87,23.46
2010-12-18,4.23,22.99
2010-12-19,5.39,22.14
2010-12-20,3.97,23.13
2010-12-21,3.57,23.03
2010-12-22,1.04,22.99
2010-12-23,2.16,21.94
2010-12-24,2.54,22.3
2010-12-25,2.83,23.15
2010-12-26,2.27,22.23
2010-12-27,2.85,21.76
2010-12-28,2.85,22.37
2010-12-29,2.77,22.4
2010-12-30,1.74,22.86
2010-12-31,2.97,23.03
2011-01-01,4.38,22.77
2011-01-02,4.21,22.97
2011-01-03,3.35,22.38
2011-01-04,2.84,22.05
2011-01-05,2.57,22.42
2011-01-06,2.51,22.35
2011-01-07,2.44,22.85
2011-01-08,2.63,23.25
2011-01-09,0.37,23.33
2011-01-10,1.22,23.21
2011-01-11,1.58,22.93
2011-01-12,1.83,22.24
2011-01-13,3.12,21.99
2011-01-14,2.05,22.72
2011-01-15,3.72,23.48
2011-01-16,3.69,23.92
2011-01-17,4.63,23.69
2011-01-18,5.45,22.85
2011-01-19,6.52,21.22
2011-01-20,6.45,20.45
2011-01-21,6.24,21.0
2011-01-22,4.82,21.41
2011-01-23,5.93,21.32
2011-01-24,5.18,21.64
2011-01-25,4.09,22.53
2011-01-26,2.11,23.32
2011-01-27,2.33,23.17
2011-01-28,2.96,23.32
2011-01-29,3.57,23.08
2011-01-30,3.65,23.56
2011-01-31,2.88,23.01
2011-02-01,1.87,22.98
2011-02-02,1.33,23.04
2011-02-03,1.86,23.11
2011-02-04,1.99,22.92
2011-02-05,2.85,23.08
2011-02-06,3.15,23.08
2011-02-07,1.36,22.84
2011-02-08,3.68,23.49
2011-02-09,5.53,23.69
2011-02-10,4.55,22.29
2011-02-11,4.94,22.48
2011-02-12,5.79,22.29
2011-02-13,6.14,21.37
2011-02-14,5.99,22.86
2011-02-15,4.93,23.98
2011-02-16,5.28,23.69
2011-02-17,6.35,24.27
2011-02-18,5.75,24.59
2011-02-19,5.62,24.76
2011-02-20,5.79,24.8
2011-02-21,5.08,24.66
2011-02-22,6.03,23.79
2011-02-23,6.19,22.89
2011-02-24,6.67,23.11
2011-02-25,6.02,22.72
2011-02-26,5.3,22.83
2011-02-27,5.8,22.39
2011-02-28,4.95,22.91
2011-03-01,4.98,22.92
2011-03-02,4.58,23.53
2011-03-03,4.92,23.74
2011-03-04,5.47,23.92
2011-03-05,5.71,24.18
2011-03-06,6.71,23.79
2011-03-07,6.4,23.43
2011-03-08,6.53,22.59
2011-03-09,6.91,23.1
2011-03-10,7.14,22.06
2011-03-11,6.76,22.81
2011-03-12,5.39,24.22
2011-03-13,5.93,24.57
2011-03-14,4.86,24.43
2011-03-15,5.69,24.41
2011-03-16,5.63,24.71
2011-03-17,6.47,24.27
2011-03-18,5.91,25.08
2011-03-19,6.02,25.64
2011-03-20,5.87,25.78
2011-03-21,6.16,25.14
2011-03-22,6.09,24.88
2011-03-23,5.39,24.78
2011-03-24,4.95,24.85
2011-03-25,5.78,25.04
2011-03-26,5.6,24.32
2011-03-27,5.86,25.66
2011-03-28,5.98,25.65
2011-03-29,5.79,25.65
2011-03-30,6.25,24.97
2011-03-31,7.01,25.07
2011-04-01,6.78,25.39
2011-04-02,6.21,24.85
2011-04-03,5.96,24.86
2011-04-04,6.23,25.0
2011-04-05,6.36,24.94
2011-04-06,6.85,24.06
2011-04-07,5.22,24.64
2011-04-08,5.62,25.26
2011-04-09,5.19,25.51
2011-04-10,6.57,25.64
2011-04-11,5.74,25.58
2011-04-12,5.17,25.39
2011-04-13,6.18,25.8
2011-04-14,5.57,25.54
2011-04-15,5.67,25.08
2011-04-16,5.24,25.54
2011-04-17,6.13,25.4
2011-04-18,5.37,25.55
2011-04-19,5.29,24.69
2011-04-20,5.57,24.26
2011-04-21,5.87,24.97
2011-04-22,4.89,25.04
2011-04-23,3.69,24.12
2011-04-24,5.14,24.01
2011-04-25,4.7,24.21
2011-04-26,5.06,23.9
2011-04-27,3.52,25.16
2011-04-28,1.5,24.94
2011-04-29,5.9,25.34
2011-04-30,5.02,25.5
2011-05-01,4.93,25.5
2011-05-02,3.75,25.57
2011-05-03,5.59,26.18
2011-05-04,4.9,25.86
2011-05-05,5.31,25.61
2011-05-06,5.24,25.82
2011-05-07,5.6,25.65
2011-05-08,6.08,25.47
2011-05-09,6.1,25.57
2011-05-10,5.97,25.33
2011-05-11,6.07,25.25
2011-05-12,6.17,25.42
2011-05-13,6.18,24.97
2011-05-14,6.84,25.43
2011-05-15,6.15,25.34
2011-05-16,6.34,26.36
2011-05-17,5.94,26.47
2011-05-18,5.9,25.23
2011-05-19,6.5,25.63
2011-05-20,6.36,25.71
2011-05-21,6.2,25.6
2011-05-22,6.04,24.95
2011-05-23,6.04,25.42
2011-05-24,6.05,25.97
2011-05-25,5.57,25.72
2011-05-26,5.69,25.24
2011-05-27,5.03,25.39
2011-05-28,5.05,25.19
2011-05-29,5.18,25.1
2011-05-30,5.58,25.43
2011-05-31,5.08,25.41
2011-06-01,4.57,25.12
2011-06-02,4.92,24.84
2011-06-03,5.75,25.24
2011-06-04,5.22,25.52
2011-06-05,5.56,25.34
2011-06-06,4.55,25.33
2011-06-07,5.12,25.21
2011-06-08,5.65,25.54
2011-06-09,5.09,25.27
2011-06-10,5.56,25.02
2011-06-11,5.74,25.05
2011-06-12,5.89,25.1
2011-06-13,5.74,24.01
2011-06-14,4.56,24.18
2011-06-15,4.63,24.2
2011-06-16,4.8,24.93
2011-06-17,5.45,25.22
2011-06-18,5.34,25.26
2011-06-19,5.52,25.48
2011-06-20,5.42,25.28
2011-06-21,5.83,25.3
2011-06-22,5.64,25.12
2011-06-23,5.53,25.08
2011-06-24,5.18,25.29
2011-06-25,4.6,25.34
2011-06-26,4.51,25.24
2011-06-27,4.98,25.04
2011-06-28,5.14,24.83
2011-06-29,5.61,25.25
2011-06-30,5.77,25.6
2011-07-01,5.13,25.05
2011-07-02,5.35,25.12
2011-07-03,5.43,25.16
2011-07-04,5.37,25.08
2011-07-05,4.87,24.8
2011-07-06,4.44,24.57
2011-07-07,5.26,25.2
2011-07-08,5.33,25.04
2011-07-09,4.79,24.59
2011-07-10,5.12,24.41
2011-07-11,4.81,24.74
2011-07-12,4.46,23.95
2011-07-13,4.06,24.52
2011-07-14,4.79,24.75
2011-07-15,5.23,24.97
2011-07-16,4.34,24.17
2011-07-17,4.4,24.37
2011-07-18,4.94,24.68
2011-07-19,5.2,25.17
2011-07-20,4.66,24.97
2011-07-21,4.61,24.73
2011-07-22,5.36,24.83
2011-07-23,4.45,24.47
2011-07-24,4.6,24.8
2011-07-25,4.18,24.0
2011-07-26,4.76,24.94
2011-07-27,4.99,24.47
2011-07-28,4.85,24.69
2011-07-29,4.56,24.93
2011-07-30,4.84,25.15
2011-07-31,5.64,25.12
2011-08-01,5.42,25.46
2011-08-02,5.0,25.48
2011-08-03,4.59,25.31
2011-08-04,5.81,25.28
2011-08-05,4.97,25.17
2011-08-06,3.93,24.92
2011-08-07,5.63,25.24
2011-08-08,5.08,25.31
2011-08-09,5.44,25.62
2011-08-10,5.54,25.49
2011-08-11,5.55,25.52
2011-08-12,5.2,25.17
2011-08-13,5.01,25.09
2011-08-14,5.11,24.87
2011-08-15,3.75,24.72
2011-08-16,3.74,24.63
2011-08-17,4.08,24.82
2011-08-18,5.35,24.69
2011-08-19,5.82,25.01
2011-08-20,5.14,25.73
2011-08-21,5.38,25.63
2011-08-22,3.99,25.09
2011-08-23,5.29,25.33
2011-08-24,4.3,24.69
2011-08-25,5.27,25.06
2011-08-26,5.0,25.28
2011-08-27,5.09,25.4
2011-08-28,4.77,25.32
2011-08-29,5.62,25.58
2011-08-30,4.56,25.46
2011-08-31,5.39,25.59
2011-09-01,5.17,25.12
2011-09-02,4.71,24.83
2011-09-03,5.24,24.97
2011-09-04,5.88,25.48
2011-09-05,5.45,25.84
2011-09-06,5.02,25.35
2011-09-07,5.5,25.12
2011-09-08,5.89,25.97
2011-09-09,5.29,25.84
2011-09-10,3.85,25.52
2011-09-11,4.62,24.65
2011-09-12,3.42,24.65
2011-09-13,4.21,24.23
2011-09-14,4.39,24.6
2011-09-15,4.49,24.93
2011-09-16,4.96,25.19
2011-09-17,6.2,25.36
2011-09-18,5.88,25.45
2011-09-19,6.11,25.31
2011-09-20,6.38,25.04
2011-09-21,4.31,25.1
2011-09-22,6.32,25.69
2011-09-23,6.68,25.5
2011-09-24,6.18,25.73
2011-09-25,6.73,26.08
2011-09-26,6.16,25.91
2011-09-27,6.53,26.02
2011-09-28,6.59,26.21
2011-09-29,6.0,26.11
2011-09-30,5.17,25.3
2011-10-01,5.8,25.93
2011-10-02,6.13,26.33
2011-10-03,6.1,26.43
2011-10-04,5.33,25.75
2011-10-05,5.69,26.17
2011-10-06,6.41,26.11
2011-10-07,6.05,26.19
2011-10-08,6.34,26.08
2011-10-09,6.26,25.83
2011-10-10,5.36,25.17
2011-10-11,4.2,25.36
2011-10-12,4.7,25.18
2011-10-13,5.41,25.44
2011-10-14,5.18,26.03
2011-10-15,4.8,26.1
2011-10-16,5.86,25.61
2011-10-17,5.8,25.44
2011-10-18,5.51,25.32
2011-10-19,5.21,25.19
2011-10-20,5.35,24.94
2011-10-21,5.56,25.32
2011-10-22,4.98,25.86
2011-10-23,4.67,24.6
2011-10-24,4.56,24.37
2011-10-25,3.99,24.09
2011-10-26,5.0,24.23
2011-10-27,5.06,24.89
2011-10-28,3.83,23.93
2011-10-29,4.07,24.08
2011-10-30,4.03,24.13
2011-10-31,4.03,23.94
2011-11-01,3.13,24.45
2011-11-02,3.86,23.84
2011-11-03,4.07,22.87
2011-11-04,5.48,23.5
2011-11-05,4.43,24.29
2011-11-06,4.41,24.46
2011-11-07,5.49,24.59
2011-11-08,5.62,24.04
2011-11-09,6.0,23.61
2011-11-10,5.81,23.8
2011-11-11,5.77,23.72
2011-11-12,5.8,23.72
2011-11-13,5.93,23.4
2011-11-14,6.2,22.84
2011-11-15,6.22,23.55
2011-11-16,5.26,24.67
2011-11-17,4.59,24.78
2011-11-18,5.36,24.48
2011-11-19,4.82,24.63
2011-11-20,3.62,24.62
2011-11-21,2.77,24.46
2011-11-22,3.84,24.21
2011-11-23,2.06,24.53
2011-11-24,2.2,24.94
2011-11-25,1.26,24.4
2011-11-26,3.5,24.37
2011-11-27,3.98,24.08
2011-11-28,3.97,23.82
2011-11-29,3.94,23.61
2011-11-30,3.67,24.16
2011-12-01,4.27,23.41
2011-12-02,4.21,24.24
2011-12-03,5.57,24.66
2011-12-04,5.38,23.72
2011-12-05,5.79,23.1
2011-12-06,5.31,23.46
2011-12-07,5.35,22.94
2011-12-08,5.51,23.44
2011-12-09,4.84,24.2
2011-12-10,5.49,24.2
2011-12-11,4.06,24.03
2011-12-12,3.85,24.04
2011-12-13,2.83,24.08
2011-12-14,2.92,23.76
2011-12-15,2.97,23.15
2011-12-16,4.39,22.91
2011-12-17,4.38,23.28
2011-12-18,3.27,23.87
2011-12-19,2.4,24.0
2011-12-20,1.5,23.9
2011-12-21,2.59,23.1
2011-12-22,2.86,22.27
2011-12-23,1.22,22.6
2011-12-24,3.95,22.82
2011-12-25,4.49,23.09
2011-12-26,4.02,22.84
2011-12-27,4.59,22.75
2011-12-28,4.35,21.51
2011-12-29,4.82,22.33
2011-12-30,5.18,23.62
2011-12-31,5.7,23.01
2012-01-01,6.23,22.04
2012-01-02,6.14,22.28
2012-01-03,6.14,22.93
2012-01-04,4.33,24.25
2012-01-05,3.39,24.08
2012-01-06,4.41,23.8
2012-01-07,4.7,23.97
2012-01-08,5.28,23.94
2012-01-09,5.15,23.91
2012-01-10,5.9,23.55
2012-01-11,5.5,23.17
2012-01-12,5.97,22.27
2012-01-13,6.07,22.09
2012-01-14,4.86,21.87
2012-01-15,5.51,20.14
2012-01-16,5.83,20.36
2012-01-17,5.23,21.11
2012-01-18,5.81,22.24
2012-01-19,5.27,22.69
2012-01-20,5.24,23.05
2012-01-21,5.54,22.39
2012-01-22,4.69,21.77
2012-01-23,5.32,21.07
2012-01-24,5.02,21.57
2012-01-25,5.56,21.93
2012-01-26,5.5,22.32
2012-01-27,5.27,22.94
2012-01-28,5.28,22.76
2012-01-29,5.36,22.65
2012-01-30,5.83,22.4
2012-01-31,5.47,22.89
2012-02-01,5.36,22.43
2012-02-02,4.92,23.35
2012-02-03,4.62,23.61
2012-02-04,4.67,24.17
2012-02-05,4.03,23.72
2012-02-06,3.64,23.28
2012-02-07,2.77,23.63
2012-02-08,3.55,24.2
2012-02-09,5.48,24.68
2012-02-10,5.55,24.33
2012-02-11,6.44,22.85
2012-02-12,6.43,22.14
2012-02-13,5.76,23.56
2012-02-14,3.22,23.95
2012-02-15,3.33,23.98
2012-02-16,4.59,23.32
2012-02-17,5.48,23.43
2012-02-18,6.07,22.91
2012-02-19,6.11,23.19
2012-02-20,6.36,23.35
2012-02-21,6.38,22.63
2012-02-22,5.43,22.48
2012-02-23,5.69,22.39
2012-02-24,6.25,22.63
2012-02-25,6.24,22.56
2012-02-26,5.41,24.4
2012-02-27,5.22,24.79
2012-02-28,4.74,24.22
2012-02-29,4.49,24.57
2012-03-01,5.98,25.71
2012-03-02,6.56,25.62
2012-03-03,6.62,25.87
2012-03-04,6.12,25.55
2012-03-05,6.43,25.24
2012-03-06,6.21,25.22
2012-03-07,5.77,25.36
2012-03-08,5.66,24.98
2012-03-09,6.1,26.09
2012-03-10,5.58,25.67
2012-03-11,5.69,24.65
2012-03-12,5.05,24.84
2012-03-13,5.33,25.67
2012-03-14,5.99,25.98
2012-03-15,4.96,25.71
2012-03-16,5.58,25.8
2012-03-17,6.43,25.85
2012-03-18,6.94,25.45
2012-03-19,7.06,25.88
2012-03-20,6.8,25.64
2012-03-21,6.5,25.7
2012-03-22,6.48,25.74
2012-03-23,6.62,25.96
2012-03-24,6.99,23.78
2012-03-25,7.17,23.16
2012-03-26,6.26,24.64
2012-03-27,6.06,25.84
2012-03-28,5.83,26.35
2012-03-29,6.17,26.31
2012-03-30,6.0,24.83
2012-03-31,6.64,26.07
2012-04-01,5.94,26.27
2012-04-02,6.01,25.77
2012-04-03,5.97,25.68
2012-04-04,5.57,26.22
2012-04-05,6.21,26.23
2012-04-06,5.92,26.63
2012-04-07,5.94,26.8
2012-04-08,5.19,26.01
2012-04-09,5.8,24.48
2012-04-10,5.86,25.07
2012-04-11,5.93,26.12
2012-04-12,3.92,25.66
2012-04-13,5.9,26.43
2012-04-14,5.34,26.38
2012-04-15,4.27,25.77
2012-04-16,5.99,25.35
2012-04-17,5.13,24.73
2012-04-18,4.54,25.18
2012-04-19,5.72,25.55
2012-04-20,4.31,25.34
2012-04-21,5.35,26.26
2012-04-22,3.95,25.83
2012-04-23,4.11,25.37
2012-04-24,3.75,25.37
2012-04-25,4.18,25.06
2012-04-26,4.21,25.82
2012-04-27,5.94,25.68
2012-04-28,6.12,25.74
2012-04-29,5.05,26.24
2012-04-30,5.18,25.76
2012-05-01,6.42,25.7
2012-05-02,6.78,25.24
2012-05-03,7.32,24.68
2012-05-04,6.84,24.6
2012-05-05,6.31,25.1
2012-05-06,5.74,25.6
2012-05-07,5.8,26.55
2012-05-08,6.26,26.58
2012-05-09,5.42,26.2
2012-05-10,5.96,25.94
2012-05-11,6.0,26.13
2012-05-12,6.09,25.86
2012-05-13,6.25,26.12
2012-05-14,5.72,26.49
2012-05-15,6.3,26.21
2012-05-16,6.14,26.41
2012-05-17,6.11,26.62
2012-05-18,5.55,27.2
2012-05-19,5.56,27.21
2012-05-20,5.51,27.12
2012-05-21,5.38,26.47
2012-05-22,5.29,25.73
2012-05-23,5.28,26.26
2012-05-24,4.94,26.29
2012-05-25,4.35,25.94
2012-05-26,4.53,25.54
2012-05-27,4.59,25.57
2012-05-28,5.15,26.44
2012-05-29,4.63,26.52
2012-05-30,4.56,26.41
2012-05-31,5.48,26.31
2012-06-01,5.23,26.46
2012-06-02,5.57,26.96
2012-06-03,5.35,26.98
2012-06-04,5.4,26.66
2012-06-05,5.36,26.6
2012-06-06,4.35,26.49
2012-06-07,4.65,25.91
2012-06-08,5.37,26.05
2012-06-09,4.39,26.39
2012-06-10,5.09,26.42
2012-06-11,5.16,26.97
2012-06-12,5.0,26.37
2012-06-13,4.84,25.56
2012-06-14,4.91,25.32
2012-06-15,5.44,26.1
2012-06-16,5.49,26.55
2012-06-17,5.04,26.43
2012-06-18,3.9,25.1
2012-06-19,4.95,25.01
2012-06-20,4.82,25.38
2012-06-21,4.75,25.29
2012-06-22,5.37,25.51
2012-06-23,4.73,26.02
2012-06-24,5.06,25.8
2012-06-25,5.23,25.54
2012-06-26,5.63,25.57
2012-06-27,4.76,25.35
2012-06-28,4.55,24.96
2012-06-29,5.72,25.33
2012-06-30,6.01,25.06
2012-07-01,3.74,25.29
2012-07-02,3.78,25.12
2012-07-03,4.58,25.42
2012-07-04,5.6,25.98
2012-07-05,5.8,26.32
2012-07-06,5.64,26.14
2012-07-07,5.18,26.03
2012-07-08,5.11,26.05
2012-07-09,3.63,25.01
2012-07-10,4.9,25.16
2012-07-11,6.15,26.14
2012-07-12,6.29,26.91
2012-07-13,6.0,26.15
2012-07-14,4.9,25.33
2012-07-15,4.38,25.37
2012-07-16,4.55,25.99
2012-07-17,4.81,25.57
2012-07-18,5.26,25.7
2012-07-19,5.78,26.05
2012-07-20,5.42,26.25
2012-07-21,5.18,26.54
2012-07-22,5.39,26.18
2012-07-23,4.33,25.94
2012-07-24,4.46,25.81
2012-07-25,4.87,25.6
2012-07-26,5.1,25.67
2012-07-27,5.71,25.39
2012-07-28,6.01,25.98
2012-07-29,5.9,26.21
2012-07-30,6.21,25.92
2012-07-31,6.63,26.18
2012-08-01,5.89,26.36
2012-08-02,5.75,25.8
2012-08-03,4.7,26.28
2012-08-04,5.03,25.82
2012-08-05,5.12,26.02
2012-08-06,5.28,26.04
2012-08-07,5.92,26.49
2012-08-08,6.18,26.66
2012-08-09,5.65,26.58
2012-08-10,4.82,26.09
2012-08-11,5.14,25.53
2012-08-12,5.42,25.7
2012-08-13,5.84,26.15
2012-08-14,5.83,25.93
2012-08-15,5.28,26.19
2012-08-16,4.9,25.52
2012-08-17,4.72,24.68
2012-08-18,5.41,25.44
2012-08-19,5.54,25.7
2012-08-20,6.28,26.19
2012-08-21,5.59,25.74
2012-08-22,5.91,26.06
2012-08-23,6.1,26.56
2012-08-24,4.83,25.57
2012-08-25,4.94,26.02
2012-08-26,5.25,25.45
2012-08-27,5.03,25.28
2012-08-28,5.13,25.36
2012-08-29,3.79,25.76
2012-08-30,3.83,25.04
2012-08-31,4.85,24.93
2012-09-01,4.95,25.67
2012-09-02,5.48,25.48
2012-09-03,4.67,25.48
2012-09-04,3.62,25.06
2012-09-05,5.81,26.57
2012-09-06,5.54,26.42
2012-09-07,4.89,25.0
2012-09-08,4.57,25.32
2012-09-09,5.65,25.27
2012-09-10,5.03,25.31
2012-09-11,5.47,25.69
2012-09-12,5.82,26.08
2012-09-13,5.87,26.29
2012-09-14,5.9,26.18
2012-09-15,5.25,26.04
2012-09-16,4.48,25.88
2012-09-17,5.59,26.04
2012-09-18,5.23,25.72
2012-09-19,6.09,26.13
2012-09-20,4.73,26.25
2012-09-21,5.74,26.58
2012-09-22,4.95,26.13
2012-09-23,5.65,24.95
2012-09-24,5.27,25.62
2012-09-25,6.52,25.6
2012-09-26,6.15,25.86
2012-09-27,4.91,25.74
2012-09-28,5.75,24.88
2012-09-29,5.79,26.27
2012-09-30,6.19,26.23
2012-10-01,5.89,25.82
2012-10-02,6.65,25.61
2012-10-03,6.47,26.54
2012-10-04,6.54,27.03
2012-10-05,7.09,27.2
2012-10-06,6.52,27.41
2012-10-07,5.47,27.14
2012-10-08,5.05,26.81
2012-10-09,4.92,26.32
2012-10-10,5.32,24.92
2012-10-11,5.9,25.93
2012-10-12,5.09,26.28
2012-10-13,5.28,26.19
2012-10-14,4.98,25.37
2012-10-15,4.87,24.36
2012-10-16,4.28,23.55
2012-10-17,3.63,23.9
2012-10-18,4.76,24.63
2012-10-19,4.02,24.78
2012-10-20,4.68,24.85
2012-10-21,6.05,24.97
2012-10-22,4.19,24.55
2012-10-23,3.56,24.04
2012-10-24,4.67,24.13
2012-10-25,5.69,25.0
2012-10-26,6.03,25.12
2012-10-27,5.34,25.17
2012-10-28,3.98,24.85
2012-10-29,1.18,24.34
2012-10-30,2.09,23.4
2012-10-31,3.65,24.48
2012-11-01,1.17,24.05
2012-11-02,5.34,24.03
2012-11-03,5.13,24.52
2012-11-04,6.08,24.75
2012-11-05,5.35,24.99
2012-11-06,4.92,24.59
2012-11-07,4.77,24.42
2012-11-08,4.78,24.93
2012-11-09,5.03,24.76
2012-11-10,4.98,24.19
2012-11-11,2.99,24.02
2012-11-12,4.61,23.77
2012-11-13,4.4,23.75
2012-11-14,4.03,24.35
2012-11-15,2.02,23.94
2012-11-16,3.23,23.61
2012-11-17,5.05,24.05
2012-11-18,5.7,24.56
2012-11-19,5.52,24.59
2012-11-20,5.86,25.07
2012-11-21,5.85,25.32
2012-11-22,5.72,25.63
2012-11-23,5.09,25.27
2012-11-24,4.92,24.58
2012-11-25,3.47,24.29
2012-11-26,3.16,24.12
2012-11-27,3.76,23.94
2012-11-28,4.63,23.21
2012-11-29,4.69,23.4
2012-11-30,5.17,22.65
2012-12-01,5.49,21.36
2012-12-02,5.73,22.13
2012-12-03,4.01,23.69
2012-12-04,3.81,24.62
2012-12-05,4.41,24.09
2012-12-06,2.42,23.96
2012-12-07,3.28,23.91
2012-12-08,3.97,23.68
2012-12-09,3.5,23.7
2012-12-10,6.12,23.08
2012-12-11,5.94,22.73
2012-12-12,5.63,22.63
2012-12-13,5.66,21.91
2012-12-14,5.76,22.02
2012-12-15,2.32,22.91
2012-12-16,2.17,23.14
2012-12-17,0.77,22.65
2012-12-18,1.46,23.36
2012-12-19,2.53,23.43
2012-12-20,4.27,23.4
2012-12-21,3.82,23.53
2012-12-22,1.28,23.33
2012-12-23,2.93,23.24
2012-12-24,3.73,23.75
2012-12-25,3.77,24.15
2012-12-26,3.27,24.41
2012-12-27,2.54,24.44
2012-12-28,3.92,24.11
2012-12-29,4.17,24.46
2012-12-30,4.84,24.69
2012-12-31,4.48,24.06
2013-01-01,4.47,23.51
2013-01-02,4.48,23.4
2013-01-03,2.08,23.65
2013-01-04,1.78,22.83
2013-01-05,2.91,22.19
2013-01-06,3.72,23.41
2013-01-07,1.41,23.57
2013-01-08,4.42,23.93
2013-01-09,4.0,24.55
2013-01-10,0.55,23.81
2013-01-11,4.11,23.46
2013-01-12,3.67,22.38
2013-01-13,4.04,20.87
2013-01-14,6.0,20.72
2013-01-15,5.96,21.29
2013-01-16,6.1,21.11
2013-01-17,6.04,20.99
2013-01-18,5.85,20.9
2013-01-19,6.41,21.76
2013-01-20,5.35,23.34
2013-01-21,5.23,23.31
2013-01-22,5.96,23.37
2013-01-23,2.58,23.82
2013-01-24,2.2,23.15
2013-01-25,2.72,22.83
2013-01-26,5.47,22.83
2013-01-27,6.18,22.31
2013-01-28,6.1,21.92
2013-01-29,6.25,21.68
2013-01-30,6.39,21.49
2013-01-31,6.55,21.64
2013-02-01,5.77,22.73
2013-02-02,5.36,23.07
2013-02-03,5.13,23.03
2013-02-04,4.14,24.08
2013-02-05,4.57,24.23
2013-02-06,3.44,23.65
2013-02-07,5.5,23.65
2013-02-08,4.67,23.68
2013-02-09,5.22,23.65
2013-02-10,4.96,23.49
2013-02-11,2.34,22.93
2013-02-12,2.37,22.75
2013-02-13,2.79,23.6
2013-02-14,3.5,23.4
2013-02-15,4.5,23.64
2013-02-16,5.72,24.65
2013-02-17,5.85,25.3
2013-02-18,4.93,24.81
2013-02-19,5.78,24.39
2013-02-20,6.35,23.53
2013-02-21,6.48,22.93
2013-02-22,6.26,22.27
2013-02-23,6.53,22.01
2013-02-24,6.45,22.45
2013-02-25,6.34,22.9
2013-02-26,6.87,22.32
2013-02-27,6.61,22.7
2013-02-28,6.33,23.18
2013-03-01,6.37,23.31
2013-03-02,6.14,23.69
2013-03-03,5.62,23.45
2013-03-04,2.06,23.24
2013-03-05,5.95,24.52
2013-03-06,4.87,25.1
2013-03-07,5.11,24.77
2013-03-08,3.9,25.13
2013-03-09,4.74,24.73
2013-03-10,6.32,25.12
2013-03-11,6.38,25.09
2013-03-12,6.24,25.16
2013-03-13,6.01,25.22
2013-03-14,5.13,24.95
2013-03-15,4.34,25.39
2013-03-16,6.42,24.33
2013-03-17,6.77,24.66
2013-03-18,6.5,24.58
2013-03-19,6.49,24.75
2013-03-20,6.92,25.06
2013-03-21,6.8,24.91
2013-03-22,5.55,24.19
2013-03-23,6.04,24.94
2013-03-24,4.22,25.28
2013-03-25,4.5,24.6
2013-03-26,5.44,25.69
2013-03-27,6.49,26.53
2013-03-28,6.16,26.25
2013-03-29,5.77,26.1
2013-03-30,6.51,26.82
2013-03-31,6.12,26.61
2013-04-01,6.18,26.58
2013-04-02,5.87,26.45
2013-04-03,6.33,25.68
2013-04-04,5.2,25.19
2013-04-05,5.46,25.29
2013-04-06,5.35,25.54
2013-04-07,6.59,26.45
2013-04-08,6.37,26.68
2013-04-09,6.41,26.75
2013-04-10,4.08,25.1
2013-04-11,5.86,25.61
2013-04-12,6.28,26.23
2013-04-13,5.21,25.78
2013-04-14,6.3,26.1
2013-04-15,4.98,25.73
2013-04-16,6.29,25.65
2013-04-17,6.38,26.32
2013-04-18,6.19,26.34
2013-04-19,6.24,26.96
2013-04-20,6.16,26.32
2013-04-21,6.4,26.58
2013-04-22,6.16,26.67
2013-04-23,5.81,26.42
2013-04-24,5.9,26.75
2013-04-25,5.56,26.96
2013-04-26,6.04,26.37
2013-04-27,5.76,26.34
2013-04-28,6.09,25.91
2013-04-29,5.67,25.98
2013-04-30,5.37,26.55
2013-05-01,5.5,26.22
2013-05-02,5.58,25.46
2013-05-03,2.63,25.41
2013-05-04,5.08,25.88
2013-05-05,3.92,26.32
2013-05-06,4.39,26.15
2013-05-07,4.5,25.64
2013-05-08,4.99,25.69
2013-05-09,5.77,26.31
2013-05-10,5.23,26.73
2013-05-11,4.95,26.26
2013-05-12,4.51,26.12
2013-05-13,1.36,25.25
2013-05-14,5.22,25.33
2013-05-15,4.86,25.57
2013-05-16,5.94,25.91
2013-05-17,6.5,25.94
2013-05-18,5.78,25.91
2013-05-19,5.42,25.58
2013-05-20,3.38,25.52
2013-05-21,5.44,25.17
2013-05-22,6.17,25.4
2013-05-23,5.7,25.91
2013-05-24,5.41,26.15
2013-05-25,4.4,25.76
2013-05-26,4.74,25.4
2013-05-27,5.58,25.55
2013-05-28,5.39,25.36
2013-05-29,5.44,25.59
2013-05-30,4.26,25.71
2013-05-31,2.31,25.03
2013-06-01,2.95,24.56
2013-06-02,4.73,24.81
2013-06-03,4.29,25.06
2013-06-04,4.82,25.21
2013-06-05,4.47,25.03
2013-06-06,4.59,25.48
2013-06-07,4.95,25.25
2013-06-08,3.11,24.04
2013-06-09,4.47,24.83
2013-06-10,4.88,25.11
2013-06-11,4.48,25.34
2013-06-12,4.09,24.18
2013-06-13,3.18,24.22
2013-06-14,4.48,25.18
2013-06-15,4.53,25.08
2013-06-16,4.05,24.97
2013-06-17,3.07,24.01
2013-06-18,4.49,24.74
2013-06-19,4.96,24.96
2013-06-20,4.46,24.78
2013-06-21,4.51,24.94
2013-06-22,4.1,24.22
2013-06-23,3.11,24.43
2013-06-24,3.94,24.95
2013-06-25,4.03,24.96
2013-06-26,4.6,24.89
2013-06-27,5.12,24.96
2013-06-28,4.43,24.48
2013-06-29,5.09,24.73
2013-06-30,5.07,24.54
2013-07-01,4.81,24.21
2013-07-02,4.48,24.46
2013-07-03,4.63,24.65
2013-07-04,4.54,24.83
2013-07-05,4.55,24.83
2013-07-06,4.33,24.67
2013-07-07,4.53,24.11
2013-07-08,4.99,23.82
2013-07-09,3.83,24.23
2013-07-10,3.67,23.99
2013-07-11,4.66,24.03
2013-07-12,5.1,24.43
2013-07-13,5.45,24.06
2013-07-14,5.22,24.77
2013-07-15,4.42,24.83
2013-07-16,4.03,24.29
2013-07-17,4.43,24.51
2013-07-18,4.5,24.46
2013-07-19,4.95,24.62
2013-07-20,5.22,24.41
2013-07-21,4.82,24.59
2013-07-22,4.08,23.93
2013-07-23,4.52,24.03
2013-07-24,4.21,24.45
2013-07-25,3.8,24.24
2013-07-26,4.07,24.46
2013-07-27,5.8,24.81
2013-07-28,5.89,24.94
2013-07-29,6.01,24.77
2013-07-30,5.23,24.91
2013-07-31,5.61,24.89
2013-08-01,5.56,25.02
2013-08-02,4.53,24.66
2013-08-03,5.14,24.84
2013-08-04,3.85,24.39
2013-08-05,4.16,23.95
2013-08-06,4.91,23.92
2013-08-07,5.47,24.48
2013-08-08,4.58,24.52
2013-08-09,4.73,23.83
2013-08-10,4.33,24.09
2013-08-11,4.75,24.44
2013-08-12,4.67,24.7
2013-08-13,4.7,24.44
2013-08-14,4.71,24.7
2013-08-15,5.42,24.49
2013-08-16,5.84,24.78
2013-08-17,5.72,25.06
2013-08-18,5.46,24.7
2013-08-19,5.89,25.19
2013-08-20,5.28,25.19
2013-08-21,4.58,25.08
2013-08-22,5.76,25.1
2013-08-23,5.83,25.39
2013-08-24,5.99,25.39
2013-08-25,5.83,25.57
2013-08-26,5.64,25.52
2013-08-27,5.85,25.6
2013-08-28,5.38,25.22
2013-08-29,5.86,26.51
2013-08-30,6.1,25.61
2013-08-31,4.89,26.05
2013-09-01,4.57,24.97
2013-09-02,5.36,24.66
2013-09-03,5.89,24.48
2013-09-04,5.58,24.61
2013-09-05,4.26,24.45
2013-09-06,2.74,24.31
2013-09-07,2.27,23.81
2013-09-08,4.78,24.57
2013-09-09,4.41,24.47
2013-09-10,4.44,24.37
2013-09-11,3.92,24.33
2013-09-12,2.51,24.13
2013-09-13,4.43,24.58
2013-09-14,4.61,24.87
2013-09-15,5.63,25.05
2013-09-16,4.77,25.29
2013-09-17,4.16,24.97
2013-09-18,3.48,24.39
2013-09-19,5.3,25.34
2013-09-20,4.61,25.29
2013-09-21,5.28,25.29
2013-09-22,5.94,25.19
2013-09-23,5.88,25.06
2013-09-24,6.52,25.22
2013-09-25,6.0,25.7
2013-09-26,6.49,25.82
2013-09-27,6.8,25.72
2013-09-28,6.17,25.44
2013-09-29,6.28,25.09
2013-09-30,5.23,25.24
2013-10-01,5.14,25.09
2013-10-02,5.14,25.6
2013-10-03,5.62,25.39
2013-10-04,5.46,25.37
2013-10-05,6.32,25.09
2013-10-06,7.04,24.91
2013-10-07,6.09,25.01
2013-10-08,6.7,25.13
2013-10-09,4.93,25.26
2013-10-10,4.31,25.42
2013-10-11,5.33,25.07
2013-10-12,5.04,25.55
2013-10-13,5.29,25.45
2013-10-14,6.37,26.4
2013-10-15,5.96,26.49
2013-10-16,5.12,25.96
2013-10-17,4.81,25.08
2013-10-18,4.73,25.08
2013-10-19,3.68,23.81
2013-10-20,3.37,23.9
2013-10-21,4.59,24.31
2013-10-22,4.57,25.0
2013-10-23,4.91,25.54
2013-10-24,5.8,25.14
2013-10-25,5.53,24.94
2013-10-26,6.22,25.3
2013-10-27,5.56,25.2
2013-10-28,5.51,25.16
2013-10-29,5.82,25.68
2013-10-30,5.16,25.28
2013-10-31,4.95,24.33
2013-11-01,5.59,25.58
2013-11-02,4.44,24.73
2013-11-03,4.89,24.69
2013-11-04,4.81,24.6
2013-11-05,5.43,24.74
2013-11-06,5.2,24.65
2013-11-07,4.92,24.03
2013-11-08,5.38,24.01
2013-11-09,4.86,24.02
2013-11-10,5.14,25.0
2013-11-11,4.28,24.73
2013-11-12,4.29,24.65
2013-11-13,4.4,23.82
2013-11-14,4.58,24.35
2013-11-15,4.57,23.65
2013-11-16,3.9,24.12
2013-11-17,4.39,24.38
2013-11-18,4.89,23.89
2013-11-19,4.56,24.25
2013-11-20,5.34,24.58
2013-11-21,5.5,24.86
2013-11-22,5.16,24.95
2013-11-23,4.71,24.9
2013-11-24,3.46,24.7
2013-11-25,5.07,24.2
2013-11-26,4.78,24.63
2013-11-27,5.38,24.06
2013-11-28,5.15,23.88
2013-11-29,4.91,23.38
2013-11-30,4.07,23.39
2013-12-01,2.34,23.23
2013-12-02,3.34,22.3
2013-12-03,3.44,22.78
2013-12-04,3.3,23.84
2013-12-05,2.62,23.65
2013-12-06,2.97,23.96
2013-12-07,4.24,23.77
2013-12-08,3.02,24.19
2013-12-09,4.75,23.57
2013-12-10,4.46,24.0
2013-12-11,4.54,24.21
2013-12-12,4.42,23.49
2013-12-13,4.37,23.92
2013-12-14,3.24,23.84
2013-12-15,2.25,24.02
2013-12-16,2.86,22.63
2013-12-17,4.3,22.15
2013-12-18,4.06,23.17
2013-12-19,3.44,23.57
2013-12-20,3.63,23.56
2013-12-21,3.85,23.55
2013-12-22,5.33,22.23
2013-12-23,5.22,22.52
2013-12-24,3.45,23.15
2013-12-25,3.46,22.5
2013-12-26,4.32,21.2
2013-12-27,4.81,21.9
2013-12-28,3.87,21.83
2013-12-29,5.03,21.92
2013-12-30,4.93,22.5
2013-12-31,4.84,22.75
2014-01-01,5.15,22.59
2014-01-02,4.41,22.76
2014-01-03,3.95,22.69
2014-01-04,3.24,22.82
2014-01-05,2.67,23.0
2014-01-06,2.8,23.3
2014-01-07,3.18,23.73
2014-01-08,5.39,24.18
2014-01-09,4.25,23.35
2014-01-10,5.16,22.67
2014-01-11,5.34,22.83
2014-01-12,3.7,23.4
2014-01-13,4.24,23.14
2014-01-14,4.61,23.64
2014-01-15,2.11,23.7
2014-01-16,3.78,23.39
2014-01-17,5.51,22.75
2014-01-18,5.69,22.38
2014-01-19,5.13,22.21
2014-01-20,5.27,22.36
2014-01-21,5.6,23.03
2014-01-22,4.83,23.13
2014-01-23,5.83,22.67
2014-01-24,5.75,22.32
2014-01-25,5.79,21.46
2014-01-26,5.8,21.67
2014-01-27,4.06,22.62
2014-01-28,3.21,23.29
2014-01-29,3.61,23.37
2014-01-30,4.53,23.8
2014-01-31,4.73,23.91
2014-02-01,5.77,24.0
2014-02-02,5.33,23.47
2014-02-03,6.23,23.07
2014-02-04,6.38,22.55
2014-02-05,6.61,21.76
2014-02-06,6.45,21.31
2014-02-07,6.55,21.84
2014-02-08,5.87,22.42
2014-02-09,6.25,22.89
2014-02-10,6.93,22.48
2014-02-11,6.85,22.76
2014-02-12,6.38,23.62
2014-02-13,6.11,24.5
2014-02-14,6.23,25.04
2014-02-15,5.68,25.59
2014-02-16,4.98,26.09
2014-02-17,5.86,26.61
2014-02-18,6.24,25.7
2014-02-19,5.44,25.63
2014-02-20,3.58,25.46
2014-02-21,6.28,25.72
2014-02-22,6.4,26.08
2014-02-23,4.99,25.61
2014-02-24,6.29,25.81
2014-02-25,6.55,25.89
2014-02-26,5.29,25.77
2014-02-27,3.89,25.09
2014-02-28,5.8,24.57
2014-03-01,6.51,25.38
2014-03-02,6.15,24.71
2014-03-03,5.36,25.61
2014-03-04,5.86,25.53
2014-03-05,5.75,25.97
2014-03-06,5.82,25.71
2014-03-07,5.02,25.34
2014-03-08,5.58,25.28
2014-03-09,5.9,25.31
2014-03-10,6.38,25.83
2014-03-11,6.32,24.35
2014-03-12,5.73,25.32
2014-03-13,6.72,25.03
2014-03-14,6.99,25.09
2014-03-15,5.62,25.09
2014-03-16,5.84,26.18
2014-03-17,4.62,26.88
2014-03-18,5.04,27.04
2014-03-19,4.18,25.91
2014-03-20,5.65,27.37
2014-03-21,6.6,28.12
2014-03-22,6.57,27.4
2014-03-23,6.99,27.33
2014-03-24,6.41,26.85
2014-03-25,6.98,26.66
2014-03-26,6.39,26.76
2014-03-27,5.05,26.64
2014-03-28,6.2,27.83
2014-03-29,7.38,27.18
2014-03-30,7.14,27.31
2014-03-31,6.38,28.09
2014-04-01,6.07,28.67
2014-04-02,5.44,29.37
2014-04-03,6.18,29.56
2014-04-04,5.24,28.18
2014-04-05,5.18,26.93
2014-04-06,6.05,27.62
2014-04-07,6.51,28.16
2014-04-08,5.09,26.87
2014-04-09,6.78,26.67
2014-04-10,6.41,27.94
2014-04-11,6.18,27.3
2014-04-12,6.03,28.36
2014-04-13,5.92,28.0
2014-04-14,5.88,27.0
2014-04-15,6.67,28.2
2014-04-16,5.97,27.58
2014-04-17,6.12,27.5
2014-04-18,6.58,27.3
2014-04-19,6.04,27.67
2014-04-20,6.09,27.84
2014-04-21,5.61,27.3
2014-04-22,5.01,27.51
2014-04-23,5.34,27.77
2014-04-24,5.58,27.36
2014-04-25,6.2,27.88
2014-04-26,6.05,28.75
2014-04-27,5.77,27.96
2014-04-28,5.4,26.91
2014-04-29,4.46,26.26
2014-04-30,5.39,25.96
2014-05-01,4.51,25.99
2014-05-02,4.84,26.99
2014-05-03,4.4,25.7
2014-05-04,4.5,25.23
2014-05-05,3.35,24.99
2014-05-06,4.29,25.69
2014-05-07,4.44,25.23
2014-05-08,5.6,25.77
2014-05-09,4.77,25.85
2014-05-10,5.83,25.84
2014-05-11,6.08,25.99
2014-05-12,5.49,26.43
2014-05-13,5.82,26.07
2014-05-14,5.69,26.1
2014-05-15,5.9,26.39
2014-05-16,5.63,26.22
2014-05-17,5.74,26.05
2014-05-18,6.03,25.9
2014-05-19,5.94,25.51
2014-05-20,5.93,25.89
2014-05-21,5.61,25.85
2014-05-22,5.81,26.17
2014-05-23,5.67,26.5
2014-05-24,4.99,26.55
2014-05-25,4.94,25.55
2014-05-26,5.8,26.6
2014-05-27,5.4,26.55
2014-05-28,4.13,26.56
2014-05-29,5.37,25.97
2014-05-30,5.54,26.14
2014-05-31,5.97,26.63
2014-06-01,5.25,26.61
2014-06-02,2.72,26.15
2014-06-03,1.7,25.39
2014-06-04,5.05,25.58
2014-06-05,5.7,26.08
2014-06-06,5.22,26.19
2014-06-07,5.6,26.06
2014-06-08,4.72,25.93
2014-06-09,4.85,25.44
2014-06-10,5.2,25.67
2014-06-11,5.04,26.0
2014-06-12,4.5,25.88
2014-06-13,4.83,25.75
2014-06-14,5.33,26.03
2014-06-15,5.41,26.25
2014-06-16,5.78,26.13
2014-06-17,4.89,26.33
2014-06-18,4.48,25.73
2014-06-19,4.66,26.24
2014-06-20,4.72,25.94
2014-06-21,5.13,26.1
2014-06-22,5.53,25.99
2014-06-23,5.52,26.45
2014-06-24,5.33,26.16
2014-06-25,4.67,26.11
2014-06-26,5.45,26.01
2014-06-27,5.92,26.41
2014-06-28,5.74,26.28
2014-06-29,5.37,26.36
2014-06-30,4.72,26.43
2014-07-01,4.06,25.77
2014-07-02,6.04,25.72
2014-07-03,5.72,26.46
2014-07-04,5.56,26.27
2014-07-05,4.36,25.92
2014-07-06,4.69,25.56
2014-07-07,5.63,25.79
2014-07-08,4.99,26.21
2014-07-09,4.66,25.6
2014-07-10,4.23,24.97
2014-07-11,4.22,25.36
2014-07-12,4.72,25.13
2014-07-13,4.9,26.09
2014-07-14,4.46,25.52
2014-07-15,4.69,25.0
2014-07-16,4.83,25.99
2014-07-17,5.56,26.51
2014-07-18,5.38,26.53
2014-07-19,5.08,25.66
2014-07-20,4.41,25.77
2014-07-21,5.26,26.36
2014-07-22,4.85,26.05
2014-07-23,5.1,25.74
2014-07-24,5.5,26.07
2014-07-25,5.22,26.35
2014-07-26,5.1,26.63
2014-07-27,4.06,26.12
2014-07-28,4.92,25.53
2014-07-29,5.49,25.7
2014-07-30,4.99,26.35
2014-07-31,5.09,26.18
2014-08-01,3.93,25.98
2014-08-02,4.36,25.59
2014-08-03,4.69,25.45
2014-08-04,5.12,25.38
2014-08-05,4.73,25.22
2014-08-06,4.67,25.74
2014-08-07,5.31,25.81
2014-08-08,4.09,24.87
2014-08-09,4.73,26.12
2014-08-10,4.86,25.23
2014-08-11,4.13,24.6
2014-08-12,5.28,25.54
2014-08-13,5.24,25.13
2014-08-14,5.45,25.27
2014-08-15,4.99,25.12
2014-08-16,5.32,24.41
2014-08-17,3.54,24.3
2014-08-18,4.31,24.95
2014-08-19,5.3,24.9
2014-08-20,5.37,25.72
2014-08-21,4.1,25.63
2014-08-22,2.64,25.17
2014-08-23,4.43,25.27
2014-08-24,5.68,25.08
2014-08-25,6.21,25.65
2014-08-26,6.33,25.73
2014-08-27,6.47,24.82
2014-08-28,5.7,25.87
2014-08-29,5.73,26.16
2014-08-30,5.42,26.0
2014-08-31,5.51,25.94
2014-09-01,5.29,25.47
2014-09-02,4.99,25.56
2014-09-03,4.68,25.22
2014-09-04,5.85,25.26
2014-09-05,5.29,24.75
2014-09-06,4.89,24.63
2014-09-07,4.94,25.82
2014-09-08,4.91,25.63
2014-09-09,5.41,26.0
2014-09-10,5.48,25.76
2014-09-11,5.96,25.87
2014-09-12,5.89,26.03
2014-09-13,5.29,25.82
2014-09-14,5.3,25.71
2014-09-15,4.94,25.69
2014-09-16,5.51,25.39
2014-09-17,5.89,25.46
2014-09-18,5.11,25.75
2014-09-19,5.41,25.77
2014-09-20,5.94,26.29
2014-09-21,6.53,26.51
2014-09-22,6.27,26.7
2014-09-23,6.08,26.97
2014-09-24,5.61,26.76
2014-09-25,4.67,26.17
2014-09-26,4.56,25.45
2014-09-27,4.81,25.73
2014-09-28,5.53,26.26
2014-09-29,5.8,24.9
2014-09-30,5.05,25.29
2014-10-01,5.15,24.6
2014-10-02,3.02,25.42
2014-10-03,5.57,25.78
2014-10-04,4.85,24.36
2014-10-05,5.56,24.7
2014-10-06,5.3,24.74
2014-10-07,5.11,24.99
2014-10-08,5.01,25.0
2014-10-09,4.46,24.94
2014-10-10,4.2,25.17
2014-10-11,6.42,25.62
2014-10-12,5.31,25.6
2014-10-13,5.45,25.65
2014-10-14,5.61,25.82
2014-10-15,5.37,25.13
2014-10-16,4.58,24.8
2014-10-17,4.56,24.58
2014-10-18,3.43,24.08
2014-10-19,4.5,24.3
2014-10-20,4.41,24.21
2014-10-21,4.38,24.22
2014-10-22,5.74,24.84
2014-10-23,4.68,24.28
2014-10-24,5.26,24.93
2014-10-25,5.62,25.49
2014-10-26,5.33,25.21
2014-10-27,5.39,25.55
2014-10-28,5.29,25.19
2014-10-29,4.61,24.55
2014-10-30,3.43,23.41
2014-10-31,3.75,23.51
2014-11-01,4.59,24.13
2014-11-02,2.8,23.44
2014-11-03,3.07,23.34
2014-11-04,2.43,22.71
2014-11-05,3.94,23.52
2014-11-06,5.05,24.37
2014-11-07,6.33,23.66
2014-11-08,6.03,23.95
2014-11-09,5.2,24.47
2014-11-10,4.98,24.89
2014-11-11,4.82,24.58
2014-11-12,4.52,24.86
2014-11-13,4.53,25.23
2014-11-14,3.94,24.76
2014-11-15,5.31,24.5
2014-11-16,3.68,24.22
2014-11-17,3.95,24.26
2014-11-18,3.54,23.59
2014-11-19,1.81,24.04
2014-11-20,3.11,24.08
2014-11-21,3.41,23.9
2014-11-22,2.26,23.66
2014-11-23,3.2,23.31
2014-11-24,3.2,23.71
2014-11-25,1.96,23.06
2014-11-26,0.53,23.85
2014-11-27,2.15,23.78
2014-11-28,3.29,23.47
2014-11-29,2.38,23.06
2014-11-30,2.04,22.83
2014-12-01,4.77,24.14
2014-12-02,4.81,24.38
2014-12-03,2.32,23.53
2014-12-04,5.16,22.96
2014-12-05,3.9,23.2
2014-12-06,3.05,23.92
2014-12-07,4.19,23.85
2014-12-08,2.66,23.63
2014-12-09,4.61,23.87
2014-12-10,3.23,24.15
2014-12-11,4.98,23.87
2014-12-12,4.61,23.86
2014-12-13,4.6,23.43
2014-12-14,5.67,23.68
2014-12-15,4.78,24.46
2014-12-16,3.95,24.55
2014-12-17,1.37,24.1
2014-12-18,2.61,23.95
2014-12-19,2.45,23.82
2014-12-20,1.05,23.14
2014-12-21,3.52,23.51
2014-12-22,1.14,23.48
2014-12-23,1.01,23.58
2014-12-24,1.3,23.89
2014-12-25,1.65,23.47
2014-12-26,1.18,22.53
2014-12-27,1.54,22.16
2014-12-28,1.9,22.95
2014-12-29,2.65,23.42
2014-12-30,2.93,23.63
2014-12-31,5.05,24.58
2015-01-01,4.86,24.41
2015-01-02,5.78,23.91
2015-01-03,6.04,24.26
2015-01-04,5.81,23.85
2015-01-05,5.82,23.39
2015-01-06,4.16,23.27
2015-01-07,5.71,22.52
2015-01-08,5.82,22.47
2015-01-09,6.08,22.0
2015-01-10,5.51,21.21
2015-01-11,5.61,20.99
2015-01-12,5.89,20.78
2015-01-13,6.04,21.14
2015-01-14,5.53,22.07
2015-01-15,5.68,22.43
2015-01-16,5.65,23.08
2015-01-17,5.75,22.8
2015-01-18,5.28,22.76
2015-01-19,5.99,21.99
2015-01-20,6.01,22.1
2015-01-21,6.11,22.01
2015-01-22,6.21,22.36
2015-01-23,5.39,22.66
2015-01-24,4.61,23.19
2015-01-25,4.18,22.59
2015-01-26,4.19,22.69
2015-01-27,5.16,22.75
2015-01-28,4.67,23.66
2015-01-29,3.45,23.69
2015-01-30,4.59,23.24
2015-01-31,5.72,22.53
2015-02-01,5.88,23.1
2015-02-02,3.86,23.13
2015-02-03,2.1,23.27
2015-02-04,3.82,23.79
2015-02-05,4.68,23.57
2015-02-06,4.39,23.45
2015-02-07,5.7,23.12
2015-02-08,5.66,23.07
2015-02-09,3.21,23.51
2015-02-10,4.19,24.07
2015-02-11,5.37,23.4
2015-02-12,5.53,24.0
2015-02-13,5.2,24.32
2015-02-14,6.49,23.53
2015-02-15,6.97,21.32
2015-02-16,6.8,21.13
2015-02-17,6.31,21.41
2015-02-18,6.65,21.6
2015-02-19,6.67,22.1
2015-02-20,6.62,22.19
2015-02-21,6.14,22.77
2015-02-22,4.49,23.28
2015-02-23,3.69,23.63
2015-02-24,4.42,24.34
2015-02-25,5.53,24.07
2015-02-26,4.89,24.82
2015-02-27,5.08,24.45
2015-02-28,6.51,24.77
2015-03-01,6.07,24.83
2015-03-02,6.08,24.76
2015-03-03,6.86,24.44
2015-03-04,5.32,25.34
2015-03-05,6.69,25.21
2015-03-06,6.69,24.77
2015-03-07,7.16,23.71
2015-03-08,6.66,23.43
2015-03-09,6.21,23.87
2015-03-10,6.47,23.35
2015-03-11,6.28,23.67
2015-03-12,5.04,24.63
2015-03-13,3.31,24.67
2015-03-14,3.25,24.67
2015-03-15,6.13,24.84
2015-03-16,6.33,25.34
2015-03-17,6.44,24.47
2015-03-18,7.07,23.72
2015-03-19,7.07,23.87
2015-03-20,6.98,23.3
2015-03-21,6.92,23.78
2015-03-22,6.95,24.18
2015-03-23,6.87,24.44
2015-03-24,6.76,24.11
2015-03-25,6.88,23.96
2015-03-26,6.05,24.83
2015-03-27,5.5,25.48
2015-03-28,5.76,25.56
2015-03-29,6.34,25.73
2015-03-30,6.51,26.05
2015-03-31,6.2,25.55
2015-04-01,5.14,25.87
2015-04-02,6.23,26.41
2015-04-03,5.67,25.58
2015-04-04,6.24,26.54
2015-04-05,6.54,26.7
2015-04-06,6.51,25.9
2015-04-07,5.14,26.18
2015-04-08,2.91,25.28
2015-04-09,6.3,25.84
2015-04-10,6.42,26.52
2015-04-11,5.82,26.34
2015-04-12,6.22,26.01
2015-04-13,2.55,25.65
2015-04-14,6.84,25.84
2015-04-15,5.41,25.74
2015-04-16,5.74,25.33
2015-04-17,6.22,25.58
2015-04-18,6.23,25.85
2015-04-19,6.13,26.76
2015-04-20,5.09,25.34
2015-04-21,5.17,25.27
2015-04-22,6.26,26.38
2015-04-23,6.17,25.94
2015-04-24,6.52,26.59
2015-04-25,3.62,25.99
2015-04-26,6.72,25.73
2015-04-27,6.84,26.09
2015-04-28,6.64,25.78
2015-04-29,5.57,26.29
2015-04-30,6.02,24.62
2015-05-01,5.94,25.98
2015-05-02,6.2,25.91
2015-05-03,6.1,26.06
2015-05-04,5.21,26.21
2015-05-05,5.17,25.61
2015-05-06,5.37,25.68
2015-05-07,5.45,25.69
2015-05-08,4.84,26.08
2015-05-09,3.13,25.45
2015-05-10,5.03,25.57
2015-05-11,4.29,25.19
2015-05-12,5.53,25.05
2015-05-13,5.0,25.39
2015-05-14,4.03,25.71
2015-05-15,5.52,26.03
2015-05-16,5.4,26.15
2015-05-17,4.7,26.09
2015-05-18,4.81,25.81
2015-05-19,5.64,25.9
2015-05-20,5.51,25.68
2015-05-21,5.78,25.91
2015-05-22,5.83,26.03
2015-05-23,5.21,25.7
2015-05-24,5.56,26.06
2015-05-25,5.64,25.83
2015-05-26,5.17,25.61
2015-05-27,5.66,25.85
2015-05-28,5.4,25.8
2015-05-29,5.77,25.86
2015-05-30,5.25,25.78
2015-05-31,5.23,25.74
2015-06-01,4.85,25.16
2015-06-02,5.38,25.33
2015-06-03,6.02,25.91
2015-06-04,4.82,25.63
2015-06-05,4.49,24.8
2015-06-06,6.0,25.31
2015-06-07,6.02,25.87
2015-06-08,6.01,25.45
2015-06-09,5.89,25.42
2015-06-10,6.12,25.82
2015-06-11,5.34,25.92
2015-06-12,5.41,25.14
2015-06-13,6.11,25.66
2015-06-14,5.99,25.66
2015-06-15,4.58,25.41
2015-06-16,3.77,25.49
2015-06-17,4.15,25.7
2015-06-18,3.52,25.34
2015-06-19,4.47,25.57
2015-06-20,5.15,25.98
2015-06-21,5.77,25.83
2015-06-22,6.34,25.63
2015-06-23,5.89,26.03
2015-06-24,6.2,26.0
2015-06-25,5.4,26.1
2015-06-26,4.29,25.86
2015-06-27,3.81,25.56
2015-06-28,4.7,25.28
2015-06-29,3.32,25.37
2015-06-30,4.87,25.8
2015-07-01,5.71,25.93
2015-07-02,5.92,25.87
2015-07-03,5.84,26.08
2015-07-04,5.03,26.16
2015-07-05,5.32,26.18
2015-07-06,5.46,26.02
2015-07-07,5.94,25.93
2015-07-08,5.63,26.09
2015-07-09,5.52,26.2
2015-07-10,4.86,25.98
2015-07-11,4.56,25.53
2015-07-12,5.21,26.06
2015-07-13,5.99,25.55
2015-07-14,5.45,26.35
2015-07-15,4.57,25.61
2015-07-16,4.83,25.66
2015-07-17,4.05,25.52
2015-07-18,4.41,25.51
2015-07-19,4.64,25.81
2015-07-20,4.88,25.22
2015-07-21,4.61,26.07
2015-07-22,4.74,24.76
2015-07-23,4.96,25.0
2015-07-24,5.7,25.63
2015-07-25,4.94,25.63
2015-07-26,5.34,25.29
2015-07-27,5.74,25.8
2015-07-28,5.55,25.53
2015-07-29,6.14,25.82
2015-07-30,5.76,25.75
2015-07-31,5.77,25.64
2015-08-01,5.67,25.99
2015-08-02,5.74,26.12
2015-08-03,5.4,25.71
2015-08-04,5.06,26.04
2015-08-05,4.57,25.71
2015-08-06,5.82,25.66
2015-08-07,5.83,26.64
2015-08-08,5.24,26.93
2015-08-09,4.93,25.77
2015-08-10,4.65,25.82
2015-08-11,4.88,25.85
2015-08-12,5.13,26.3
2015-08-13,5.51,26.31
2015-08-14,5.6,26.88
2015-08-15,4.73,27.0
2015-08-16,4.12,25.83
2015-08-17,5.42,26.44
2015-08-18,5.28,26.31
2015-08-19,6.42,26.34
2015-08-20,6.07,25.96
2015-08-21,5.88,26.0
2015-08-22,6.11,25.98
2015-08-23,5.88,25.52
2015-08-24,5.35,25.69
2015-08-25,5.59,25.93
2015-08-26,6.16,25.91
2015-08-27,5.08,26.05
2015-08-28,4.54,26.11
2015-08-29,5.61,25.99
2015-08-30,5.91,26.69
2015-08-31,6.42,27.13
2015-09-01,5.81,26.97
2015-09-02,5.95,27.46
2015-09-03,4.85,26.36
2015-09-04,4.82,25.8
2015-09-05,4.96,26.18
2015-09-06,5.91,25.42
2015-09-07,4.95,24.39
2015-09-08,5.33,25.2
2015-09-09,6.06,25.93
2015-09-10,4.59,25.78
2015-09-11,4.11,25.03
2015-09-12,4.89,25.5
2015-09-13,5.95,25.79
2015-09-14,5.31,26.04
2015-09-15,5.18,25.97
2015-09-16,4.71,26.3
2015-09-17,5.24,26.19
2015-09-18,4.92,25.33
2015-09-19,5.19,24.99
2015-09-20,5.1,25.49
2015-09-21,5.65,26.32
2015-09-22,5.82,26.42
2015-09-23,5.38,26.11
2015-09-24,4.18,25.75
2015-09-25,5.14,25.75
2015-09-26,4.61,25.55
2015-09-27,4.73,25.01
2015-09-28,4.96,24.77
2015-09-29,4.81,24.39
2015-09-30,4.12,24.63
2015-10-01,6.16,25.46
2015-10-02,5.96,25.66
2015-10-03,5.8,25.21
2015-10-04,4.28,25.47
2015-10-05,3.54,24.99
2015-10-06,5.4,25.05
2015-10-07,5.84,25.69
2015-10-08,5.81,25.39
2015-10-09,3.85,24.6
2015-10-10,5.94,25.56
2015-10-11,6.19,25.92
2015-10-12,5.43,25.16
2015-10-13,5.53,26.16
2015-10-14,4.91,24.85
2015-10-15,5.2,25.5
2015-10-16,5.73,25.06
2015-10-17,4.88,25.52
2015-10-18,4.36,25.82
2015-10-19,5.34,25.9
2015-10-20,5.5,25.88
2015-10-21,5.78,25.65
2015-10-22,5.32,25.06
2015-10-23,4.88,24.34
2015-10-24,2.89,25.27
2015-10-25,1.07,24.45
2015-10-26,3.63,21.7
2015-10-27,2.19,23.45
2015-10-28,3.58,23.93
2015-10-29,4.1,23.9
2015-10-30,3.93,23.76
2015-10-31,4.4,24.59
2015-11-01,4.01,24.67
2015-11-02,4.33,24.36
2015-11-03,3.68,23.96
2015-11-04,5.08,24.25
2015-11-05,4.13,24.94
2015-11-06,4.02,24.34
2015-11-07,4.82,24.34
2015-11-08,3.98,24.15
2015-11-09,4.13,24.14
2015-11-10,4.9,24.49
2015-11-11,4.32,23.91
2015-11-12,4.9,24.77
2015-11-13,2.66,23.81
2015-11-14,1.89,23.17
2015-11-15,1.85,23.85
2015-11-16,3.38,24.31
2015-11-17,4.31,24.75
2015-11-18,5.22,25.41
2015-11-19,4.83,25.55
2015-11-20,5.12,24.71
2015-11-21,2.44,23.91
2015-11-22,4.37,24.61
2015-11-23,4.89,24.67
2015-11-24,5.08,24.61
2015-11-25,5.29,24.21
2015-11-26,5.38,23.88
2015-11-27,4.69,23.7
2015-11-28,3.1,23.63
2015-11-29,3.38,23.71
2015-11-30,3.19,25.03
2015-12-01,3.85,24.47
2015-12-02,4.1,24.64
2015-12-03,4.39,24.14
2015-12-04,2.83,25.0
2015-12-05,3.29,24.57
2015-12-06,4.38,24.22
2015-12-07,3.42,24.36
2015-12-08,1.78,23.97
2015-12-09,4.27,25.02
2015-12-10,2.08,24.51
2015-12-11,3.28,24.81
2015-12-12,3.43,24.79
2015-12-13,4.52,25.24
2015-12-14,4.64,25.19
2015-12-15,5.22,25.37
2015-12-16,5.27,23.98
2015-12-17,4.4,23.39
2015-12-18,3.87,24.16
2015-12-19,3.17,24.51
2015-12-20,5.31,23.77
2015-12-21,4.96,23.5
2015-12-22,5.88,22.59
2015-12-23,6.03,22.36
2015-12-24,5.88,22.34
2015-12-25,5.42,22.96
2015-12-26,4.07,23.75
2015-12-27,2.48,24.33
2015-12-28,4.06,24.72
2015-12-29,2.84,24.88
2015-12-30,4.55,23.99
2015-12-31,4.78,23.88
2016-01-01,3.36,24.12
2016-01-02,2.85,23.94
2016-01-03,5.06,23.4
2016-01-04,5.09,24.08
2016-01-05,4.59,24.68
2016-01-06,4.22,24.46
2016-01-07,3.78,23.38
2016-01-08,4.21,23.21
2016-01-09,5.29,23.53
2016-01-10,4.53,23.64
2016-01-11,4.89,23.13
2016-01-12,5.28,22.55
2016-01-13,5.13,22.16
2016-01-14,4.59,21.68
2016-01-15,5.45,22.4
2016-01-16,5.58,22.85
2016-01-17,5.71,21.97
2016-01-18,5.97,22.17
2016-01-19,6.1,22.9
2016-01-20,5.94,23.11
2016-01-21,5.91,23.23
2016-01-22,5.78,23.64
2016-01-23,4.33,24.21
2016-01-24,4.06,24.64
2016-01-25,4.64,24.35
2016-01-26,6.09,23.89
2016-01-27,6.05,22.45
2016-01-28,6.37,21.99
2016-01-29,6.09,21.7
2016-01-30,5.41,21.74
2016-01-31,4.67,22.39
2016-02-01,5.65,22.88
2016-02-02,5.22,22.12
2016-02-03,6.2,21.51
2016-02-04,5.78,22.02
2016-02-05,4.42,23.09
2016-02-06,5.05,24.13
2016-02-07,4.79,24.24
2016-02-08,5.6,24.75
2016-02-09,5.35,25.07
2016-02-10,4.97,24.62
2016-02-11,6.13,23.74
2016-02-12,6.46,22.37
2016-02-13,6.44,22.32
2016-02-14,6.34,23.29
2016-02-15,3.29,24.32
2016-02-16,3.8,24.16
2016-02-17,3.3,24.39
2016-02-18,3.71,25.31
2016-02-19,5.68,25.19
2016-02-20,5.74,24.81
2016-02-21,6.82,24.42
2016-02-22,6.92,23.74
2016-02-23,6.98,23.12
2016-02-24,5.99,24.58
2016-02-25,4.63,25.31
2016-02-26,6.5,24.74
2016-02-27,5.89,24.59
2016-02-28,5.85,25.05
2016-02-29,5.75,24.72
2016-03-01,5.96,25.2
2016-03-02,5.69,24.82
2016-03-03,6.21,24.91
2016-03-04,5.87,25.05
2016-03-05,6.42,25.13
2016-03-06,5.75,25.3
2016-03-07,5.66,25.71
2016-03-08,5.59,25.66
2016-03-09,5.42,25.76
2016-03-10,6.16,26.28
2016-03-11,6.84,26.39
2016-03-12,6.63,25.92
2016-03-13,6.55,26.06
2016-03-14,6.4,26.66
2016-03-15,6.33,26.33
2016-03-16,6.09,27.32
2016-03-17,6.1,27.11
2016-03-18,7.0,25.54
2016-03-19,6.67,25.83
2016-03-20,7.04,26.26
2016-03-21,5.41,27.13
2016-03-22,6.6,28.02
2016-03-23,6.7,27.79
2016-03-24,6.99,27.22
2016-03-25,7.28,26.56
2016-03-26,6.94,27.08
2016-03-27,6.25,27.51
2016-03-28,5.12,27.07
2016-03-29,6.38,26.79
2016-03-30,6.19,26.61
2016-03-31,6.51,26.55
2016-04-01,6.47,27.29
2016-04-02,7.06,27.33
2016-04-03,6.77,27.95
2016-04-04,6.62,28.05
2016-04-05,6.17,27.66
2016-04-06,6.03,27.67
2016-04-07,6.16,28.0
2016-04-08,6.61,28.52
2016-04-09,6.76,28.67
2016-04-10,6.11,27.83
2016-04-11,6.29,27.61
2016-04-12,6.14,28.09
2016-04-13,6.5,28.24
2016-04-14,6.46,28.81
2016-04-15,6.67,28.97
2016-04-16,6.02,28.81
2016-04-17,6.13,28.38
2016-04-18,6.25,27.94
2016-04-19,4.75,27.91
2016-04-20,6.45,27.92
2016-04-21,6.42,28.25
2016-04-22,6.25,28.64
2016-04-23,6.31,27.65
2016-04-24,6.68,28.3
2016-04-25,6.59,29.06
2016-04-26,5.79,28.4
2016-04-27,6.65,27.83
2016-04-28,6.7,28.96
2016-04-29,6.97,29.35
2016-04-30,5.11,28.4
2016-05-01,6.35,28.63
2016-05-02,6.51,28.05
2016-05-03,6.47,28.43
2016-05-04,6.62,28.94
2016-05-05,6.23,29.03
2016-05-06,4.85,28.12
2016-05-07,5.04,27.42
2016-05-08,5.5,28.64
2016-05-09,5.3,28.47
2016-05-10,5.54,27.57
2016-05-11,5.0,27.04
2016-05-12,4.25,26.84
2016-05-13,4.73,27.47
2016-05-14,2.51,26.12
2016-05-15,0.95,24.02
2016-05-16,2.86,24.9
2016-05-17,1.49,25.65
2016-05-18,4.69,26.06
2016-05-19,3.1,26.44
2016-05-20,4.07,26.1
2016-05-21,4.13,26.18
2016-05-22,5.37,26.69
2016-05-23,5.45,26.61
2016-05-24,4.53,26.48
2016-05-25,5.4,26.33
2016-05-26,5.57,26.22
2016-05-27,4.86,25.9
2016-05-28,4.49,25.27
2016-05-29,4.39,25.54
2016-05-30,5.12,25.76
2016-05-31,4.23,25.85
2016-06-01,5.59,25.66
2016-06-02,5.38,25.74
2016-06-03,5.24,25.59
2016-06-04,4.58,26.1
2016-06-05,5.34,26.18
2016-06-06,5.39,26.08
2016-06-07,5.17,25.8
2016-06-08,4.49,25.7
2016-06-09,5.1,25.95
2016-06-10,4.93,25.7
2016-06-11,5.37,25.5
2016-06-12,5.23,25.65
2016-06-13,4.88,25.52
2016-06-14,5.52,25.22
2016-06-15,5.46,25.77
2016-06-16,4.2,25.57
2016-06-17,4.58,25.39
2016-06-18,4.01,24.77
2016-06-19,4.83,25.1
2016-06-20,4.89,24.95
2016-06-21,4.52,25.08
2016-06-22,5.27,24.84
2016-06-23,4.76,24.85
2016-06-24,4.42,25.0
2016-06-25,5.57,25.43
2016-06-26,5.56,25.42
2016-06-27,4.78,25.36
2016-06-28,4.38,25.19
2016-06-29,3.87,25.15
2016-06-30,5.14,25.24
2016-07-01,5.5,26.19
2016-07-02,5.89,26.02
2016-07-03,6.17,26.23
2016-07-04,5.88,25.94
2016-07-05,5.56,26.13
2016-07-06,5.29,25.94
2016-07-07,5.38,26.05
2016-07-08,4.35,25.78
2016-07-09,4.31,25.42
2016-07-10,4.51,24.65
2016-07-11,5.3,25.25
2016-07-12,5.23,25.59
2016-07-13,5.23,25.72
2016-07-14,5.02,25.2
2016-07-15,4.49,24.95
2016-07-16,4.38,25.19
2016-07-17,3.94,24.86
2016-07-18,5.25,24.78
2016-07-19,5.79,25.34
2016-07-20,5.56,25.81
2016-07-21,4.83,25.24
2016-07-22,4.92,25.5
2016-07-23,4.85,25.1
2016-07-24,4.01,24.64
2016-07-25,4.55,24.62
2016-07-26,4.24,24.22
2016-07-27,4.78,24.95
2016-07-28,6.04,25.81
2016-07-29,4.18,25.13
2016-07-30,4.45,24.8
2016-07-31,5.01,25.41
2016-08-01,4.99,25.07
2016-08-02,6.12,25.27
2016-08-03,5.39,25.33
2016-08-04,5.35,25.29
2016-08-05,5.87,25.9
2016-08-06,6.02,26.33
2016-08-07,5.95,25.84
2016-08-08,5.62,26.75
2016-08-09,5.46,25.99
2016-08-10,5.89,26.23
2016-08-11,6.13,26.25
2016-08-12,5.68,26.27
2016-08-13,5.54,26.25
2016-08-14,4.99,26.03
2016-08-15,4.6,25.89
2016-08-16,4.68,26.17
2016-08-17,5.33,26.13
2016-08-18,4.97,26.21
2016-08-19,5.67,26.63
2016-08-20,5.5,26.65
2016-08-21,4.84,26.4
2016-08-22,3.39,26.37
2016-08-23,4.4,25.94
2016-08-24,5.21,25.63
2016-08-25,4.68,25.18
2016-08-26,4.91,25.81
2016-08-27,3.59,24.74
2016-08-28,5.56,25.56
2016-08-29,5.62,26.24
2016-08-30,4.94,25.89
2016-08-31,4.82,25.73
2016-09-01,4.95,25.99
2016-09-02,4.02,25.15
2016-09-03,5.04,25.67
2016-09-04,4.88,25.14
2016-09-05,5.89,26.27
2016-09-06,5.72,25.78
2016-09-07,6.34,26.03
2016-09-08,6.2,25.85
2016-09-09,5.73,26.06
2016-09-10,5.48,26.33
2016-09-11,5.5,26.29
2016-09-12,5.47,26.18
2016-09-13,5.29,26.36
2016-09-14,4.97,25.86
2016-09-15,4.42,26.37
2016-09-16,5.57,26.9
2016-09-17,5.19,26.55
2016-09-18,5.03,26.17
2016-09-19,5.41,26.25
2016-09-20,5.21,26.11
2016-09-21,5.03,25.66
2016-09-22,5.47,26.04
2016-09-23,5.37,26.74
2016-09-24,5.32,25.87
2016-09-25,4.98,26.63
2016-09-26,5.49,26.44
2016-09-27,5.21,27.1
2016-09-28,5.35,26.45
2016-09-29,5.24,26.69
2016-09-30,5.0,25.68
2016-10-01,5.98,25.98
2016-10-02,5.73,26.94
2016-10-03,6.0,26.74
2016-10-04,6.29,26.98
2016-10-05,6.14,26.21
2016-10-06,6.28,27.03
2016-10-07,6.6,26.46
2016-10-08,6.57,26.28
2016-10-09,5.28,27.05
2016-10-10,6.13,27.19
2016-10-11,7.06,26.73
2016-10-12,6.91,27.07
2016-10-13,5.87,27.85
2016-10-14,4.58,27.82
2016-10-15,4.32,26.83
2016-10-16,4.58,26.35
2016-10-17,5.75,26.43
2016-10-18,4.78,26.91
2016-10-19,4.43,26.55
2016-10-20,4.58,25.4
2016-10-21,4.38,25.59
2016-10-22,4.44,25.97
2016-10-23,5.54,26.13
2016-10-24,3.29,25.39
2016-10-25,5.16,25.19
2016-10-26,4.79,25.93
2016-10-27,4.28,26.22
2016-10-28,5.38,26.86
2016-10-29,5.0,26.56
2016-10-30,4.85,25.97
2016-10-31,4.27,24.92
2016-11-01,4.64,24.91
2016-11-02,4.64,25.02
2016-11-03,3.45,24.62
2016-11-04,2.64,24.77
2016-11-05,4.11,24.65
2016-11-06,2.77,24.97
2016-11-07,5.26,25.51
2016-11-08,5.46,24.83
2016-11-09,5.23,24.47
2016-11-10,5.6,24.84
2016-11-11,5.51,25.54
2016-11-12,4.45,25.51
2016-11-13,4.82,25.76
2016-11-14,4.86,25.55
2016-11-15,5.15,24.66
2016-11-16,3.72,24.54
2016-11-17,2.44,24.22
2016-11-18,3.94,24.28
2016-11-19,3.27,23.58
2016-11-20,2.76,23.71
2016-11-21,3.87,24.26
2016-11-22,4.48,24.35
2016-11-23,4.48,24.77
2016-11-24,4.15,23.98
2016-11-25,5.2,24.1
2016-11-26,4.29,23.81
2016-11-27,3.84,23.83
2016-11-28,4.64,22.51
2016-11-29,4.6,22.31
2016-11-30,2.5,22.83
2016-12-01,4.36,22.89
2016-12-02,5.0,23.58
2016-12-03,5.5,24.36
2016-12-04,5.23,24.61
2016-12-05,6.0,24.09
2016-12-06,5.81,23.5
2016-12-07,5.11,23.99
2016-12-08,4.47,24.52
2016-12-09,3.6,23.86
2016-12-10,3.68,23.71
2016-12-11,5.07,23.51
2016-12-12,5.2,24.41
2016-12-13,5.56,24.49
2016-12-14,4.91,25.02
2016-12-15,5.49,24.68
2016-12-16,4.98,24.47
2016-12-17,3.43,24.33
2016-12-18,5.14,23.88
2016-12-19,2.42,23.55
2016-12-20,4.92,25.21
2016-12-21,5.26,24.52
2016-12-22,5.48,23.65
2016-12-23,6.11,21.54
2016-12-24,6.02,21.47
2016-12-25,6.03,22.27
2016-12-26,5.11,23.43
2016-12-27,3.37,24.07
2016-12-28,3.7,24.03
2016-12-29,3.43,24.38
2016-12-30,5.06,23.94
2016-12-31,4.96,23.7
2017-01-01,4.51,23.73
2017-01-02,4.34,23.89
2017-01-03,5.05,23.93
2017-01-04,5.79,23.2
2017-01-05,5.92,22.26
2017-01-06,5.72,22.5
2017-01-07,6.01,22.15
2017-01-08,6.25,21.93
2017-01-09,6.45,22.51
2017-01-10,6.38,22.81
2017-01-11,5.91,22.84
2017-01-12,5.88,22.66
2017-01-13,5.78,22.58
2017-01-14,5.89,22.89
2017-01-15,5.41,23.44
2017-01-16,5.21,23.43
2017-01-17,5.97,22.61
2017-01-18,6.11,22.65
2017-01-19,5.58,24.03
2017-01-20,2.44,24.51
2017-01-21,4.88,24.33
2017-01-22,2.73,24.41
2017-01-23,2.28,23.69
2017-01-24,2.07,24.35
2017-01-25,2.81,24.74
2017-01-26,3.08,24.86
2017-01-27,1.55,24.59
2017-01-28,4.73,25.03
2017-01-29,5.16,25.12
2017-01-30,4.64,25.47
2017-01-31,6.25,24.69
2017-02-01,6.8,24.05
2017-02-02,6.4,23.73
2017-02-03,7.05,23.0
2017-02-04,6.81,23.07
2017-02-05,6.77,23.69
2017-02-06,6.53,24.34
2017-02-07,6.99,24.52
2017-02-08,6.75,24.83
2017-02-09,6.79,24.55
2017-02-10,6.52,24.83
2017-02-11,6.69,24.54
2017-02-12,6.76,24.14
2017-02-13,6.45,24.99
2017-02-14,4.05,25.66
2017-02-15,4.84,24.94
2017-02-16,6.22,24.56
2017-02-17,6.45,24.58
2017-02-18,4.99,24.87
2017-02-19,4.12,25.03
2017-02-20,5.68,25.19
2017-02-21,6.67,25.55
2017-02-22,7.03,27.06
2017-02-23,6.75,26.58
2017-02-24,5.93,26.76
2017-02-25,4.98,25.9
2017-02-26,2.62,23.83
2017-02-27,4.16,23.5
2017-02-28,2.52,24.98
2017-03-01,2.68,24.97
2017-03-02,5.34,24.12
2017-03-03,5.24,25.4
2017-03-04,5.07,25.19
2017-03-05,7.01,26.15
2017-03-06,6.28,26.93
2017-03-07,5.46,26.23
2017-03-08,6.31,26.93
2017-03-09,6.82,26.22
2017-03-10,5.56,25.61
2017-03-11,5.35,25.64
2017-03-12,6.45,25.78
2017-03-13,5.65,26.35
2017-03-14,5.75,24.9
2017-03-15,5.56,24.94
2017-03-16,5.67,24.86
2017-03-17,7.07,24.43
2017-03-18,6.95,24.53
2017-03-19,6.74,25.58
2017-03-20,6.54,25.95
2017-03-21,6.79,25.92
2017-03-22,7.38,24.59
2017-03-23,7.31,24.43
2017-03-24,7.29,24.65
2017-03-25,7.27,25.29
2017-03-26,7.17,25.18
2017-03-27,4.53,25.48
2017-03-28,5.66,25.87
2017-03-29,5.82,26.38
2017-03-30,6.48,26.77
2017-03-31,7.08,26.62
2017-04-01,6.9,26.75
2017-04-02,5.95,27.07
2017-04-03,6.43,26.88
2017-04-04,6.47,26.33
2017-04-05,7.11,26.68
2017-04-06,6.96,27.07
2017-04-07,6.68,26.95
2017-04-08,6.74,27.15
2017-04-09,6.87,26.95
2017-04-10,6.58,27.27
2017-04-11,5.29,26.86
2017-04-12,5.12,26.49
2017-04-13,4.79,26.24
2017-04-14,6.38,25.75
2017-04-15,6.71,26.87
2017-04-16,6.74,27.19
2017-04-17,6.7,27.84
2017-04-18,5.92,27.97
2017-04-19,6.66,27.9
2017-04-20,6.86,27.85
2017-04-21,6.86,27.37
2017-04-22,6.91,27.35
2017-04-23,6.66,28.32
2017-04-24,6.27,27.89
2017-04-25,6.02,27.51
2017-04-26,6.45,28.03
2017-04-27,6.67,28.04
2017-04-28,6.82,28.67
2017-04-29,6.86,28.74
2017-04-30,6.97,29.01
2017-05-01,6.09,28.85
2017-05-02,6.21,28.12
2017-05-03,5.93,28.18
2017-05-04,5.91,28.65
2017-05-05,6.0,28.96
2017-05-06,5.06,27.54
2017-05-07,5.28,27.44
2017-05-08,6.24,27.78
2017-05-09,6.04,27.53
2017-05-10,5.9,27.91
2017-05-11,5.59,27.73
2017-05-12,5.93,27.75
2017-05-13,6.07,27.35
2017-05-14,5.32,27.02
2017-05-15,5.67,27.29
2017-05-16,5.71,27.84
2017-05-17,5.92,27.77
2017-05-18,3.58,26.83
2017-05-19,4.99,26.79
2017-05-20,5.19,26.63
2017-05-21,4.52,27.45
2017-05-22,4.69,27.7
2017-05-23,4.21,26.78
2017-05-24,4.83,26.19
2017-05-25,4.37,26.75
2017-05-26,3.56,26.48
2017-05-27,4.95,26.41
2017-05-28,5.29,26.51
2017-05-29,4.82,25.64
2017-05-30,3.64,25.45
2017-05-31,4.61,26.27
2017-06-01,4.55,25.87
2017-06-02,5.1,25.16
2017-06-03,4.6,25.65
2017-06-04,5.98,26.29
2017-06-05,5.69,26.15
2017-06-06,5.88,25.83
2017-06-07,4.09,25.49
2017-06-08,6.59,26.13
2017-06-09,6.3,26.53
2017-06-10,5.4,25.71
2017-06-11,5.28,26.42
2017-06-12,5.72,26.78
2017-06-13,6.44,27.09
2017-06-14,5.51,26.91
2017-06-15,5.16,26.62
2017-06-16,5.73,26.18
2017-06-17,6.56,26.98
2017-06-18,6.49,27.06
2017-06-19,5.67,26.38
2017-06-20,5.43,25.89
2017-06-21,5.35,26.66
2017-06-22,6.38,26.08
2017-06-23,5.39,25.94
2017-06-24,4.24,25.71
2017-06-25,3.91,25.55
2017-06-26,3.32,26.08
2017-06-27,5.18,25.31
2017-06-28,4.9,25.55
2017-06-29,6.6,26.07
2017-06-30,6.09,26.09
2017-07-01,5.58,26.25
2017-07-02,5.23,25.82
2017-07-03,6.26,25.86
2017-07-04,6.67,26.44
2017-07-05,6.21,26.46
2017-07-06,5.76,25.87
2017-07-07,4.99,26.53
2017-07-08,5.28,25.34
2017-07-09,4.64,25.11
2017-07-10,5.18,25.25
2017-07-11,5.83,25.83
2017-07-12,5.63,25.85
2017-07-13,5.67,25.78
2017-07-14,5.57,25.87
2017-07-15,5.77,26.2
2017-07-16,5.29,26.42
2017-07-17,5.92,26.47
2017-07-18,4.55,26.2
2017-07-19,5.23,26.02
2017-07-20,6.18,26.8
2017-07-21,6.24,26.56
2017-07-22,6.27,26.75
2017-07-23,5.6,26.8
2017-07-24,5.85,26.81
2017-07-25,6.4,27.8
2017-07-26,6.13,27.46
2017-07-27,5.51,27.26
2017-07-28,5.68,26.88
2017-07-29,5.63,26.09
2017-07-30,5.34,26.39
2017-07-31,5.36,26.91
2017-08-01,5.25,27.05
2017-08-02,5.0,26.94
2017-08-03,4.71,26.92
2017-08-04,5.22,26.53
2017-08-05,4.73,26.55
2017-08-06,4.23,26.32
2017-08-07,5.13,25.51
2017-08-08,5.29,26.1
2017-08-09,5.6,26.42
2017-08-10,4.65,25.81
2017-08-11,5.54,25.4
2017-08-12,5.43,25.47
2017-08-13,5.47,25.04
2017-08-14,3.58,25.45
2017-08-15,6.25,25.74
2017-08-16,6.35,25.26
2017-08-17,5.55,26.16
2017-08-18,4.18,25.37
2017-08-19,3.83,25.5
2017-08-20,5.35,25.83
2017-08-21,5.48,25.78
2017-08-22,5.21,25.4
2017-08-23,5.49,25.44
2017-08-24,4.83,26.03
2017-08-25,5.85,25.98
2017-08-26,6.07,26.68
2017-08-27,5.29,26.47
2017-08-28,4.8,25.85
2017-08-29,5.05,26.05
2017-08-30,6.21,26.25
2017-08-31,5.7,26.56
2017-09-01,5.27,26.64
2017-09-02,5.44,27.26
2017-09-03,2.65,25.07
2017-09-04,5.16,26.15
2017-09-05,5.02,25.13
2017-09-06,4.12,25.24
2017-09-07,3.59,24.86
2017-09-08,3.11,24.84
2017-09-09,3.95,25.03
2017-09-10,5.57,25.41
2017-09-11,5.83,26.64
2017-09-12,5.23,26.64
2017-09-13,3.55,25.23
2017-09-14,5.66,25.03
2017-09-15,5.8,25.39
2017-09-16,5.63,26.08
2017-09-17,4.65,25.55
2017-09-18,4.83,25.71
2017-09-19,6.39,26.22
2017-09-20,6.21,25.8
2017-09-21,5.88,25.79
2017-09-22,6.27,26.38
2017-09-23,6.9,26.96
2017-09-24,5.93,26.41
2017-09-25,4.62,25.45
2017-09-26,4.12,25.73
2017-09-27,4.16,25.92
2017-09-28,5.87,26.09
2017-09-29,6.73,26.16
2017-09-30,5.97,26.2
2017-10-01,5.34,26.45
2017-10-02,5.69,26.83
2017-10-03,5.88,26.98
2017-10-04,5.33,26.81
2017-10-05,5.38,25.99
2017-10-06,4.72,25.32
2017-10-07,5.24,26.1
2017-10-08,5.46,25.95
2017-10-09,5.33,26.36
2017-10-10,5.58,25.9
2017-10-11,3.52,25.41
2017-10-12,4.1,25.73
2017-10-13,3.69,25.8
2017-10-14,2.74,25.4
2017-10-15,3.74,25.62
2017-10-16,5.24,25.88
2017-10-17,3.99,25.37
2017-10-18,4.85,25.74
2017-10-19,4.68,25.97
2017-10-20,4.34,25.91
2017-10-21,6.11,26.18
2017-10-22,4.7,25.54
2017-10-23,5.8,26.42
2017-10-24,5.18,25.31
2017-10-25,5.69,25.85
2017-10-26,4.68,25.16
2017-10-27,5.76,24.92
2017-10-28,5.48,25.06
2017-10-29,4.67,24.74
2017-10-30,4.96,25.35
2017-10-31,2.99,24.17
2017-11-01,4.42,24.36
2017-11-02,3.69,24.3
2017-11-03,4.09,23.94
2017-11-04,3.89,24.73
2017-11-05,3.39,24.85
2017-11-06,4.47,24.58
2017-11-07,3.84,24.18
2017-11-08,4.82,24.22
2017-11-09,4.44,24.42
2017-11-10,3.57,23.74
2017-11-11,4.14,24.6
2017-11-12,4.23,24.65
2017-11-13,4.45,24.55
2017-11-14,5.73,24.64
2017-11-15,6.42,23.49
2017-11-16,6.42,24.32
2017-11-17,6.53,24.91
2017-11-18,5.92,25.51
2017-11-19,4.89,24.93
2017-11-20,4.03,24.65
2017-11-21,5.34,24.89
2017-11-22,4.71,24.59
2017-11-23,4.94,24.14
2017-11-24,3.84,23.8
2017-11-25,2.31,22.92
2017-11-26,1.73,23.78
2017-11-27,1.75,24.28
2017-11-28,2.15,24.42
2017-11-29,2.88,24.92
2017-11-30,3.0,24.66
2017-12-01,2.48,24.38
2017-12-02,3.53,24.11
2017-12-03,4.81,23.83
2017-12-04,4.56,23.77
2017-12-05,4.34,23.88
2017-12-06,4.67,24.09
2017-12-07,5.59,23.87
2017-12-08,5.99,23.18
2017-12-09,5.94,23.33
2017-12-10,5.79,23.93
2017-12-11,4.29,24.84
2017-12-12,4.51,24.57
2017-12-13,5.02,24.74
2017-12-14,5.02,24.52
2017-12-15,5.39,24.25
2017-12-16,4.85,24.18
2017-12-17,5.54,23.61
2017-12-18,5.59,22.63
2017-12-19,4.0,23.69
2017-12-20,2.08,23.17
2017-12-21,3.96,23.15
2017-12-22,5.09,22.84
2017-12-23,5.86,22.65
2017-12-24,5.05,22.89
2017-12-25,5.3,23.82
2017-12-26,4.03,24.01
2017-12-27,4.65,23.33
2017-12-28,5.39,22.02
2017-12-29,5.07,21.81
2017-12-30,5.66,22.65
2017-12-31,6.0,23.22
2018-01-01,6.03,24.04
2018-01-02,5.0,23.73
2018-01-03,5.11,23.46
2018-01-04,5.68,22.29
2018-01-05,5.23,21.05
2018-01-06,5.46,20.55
2018-01-07,5.95,20.3
2018-01-08,5.57,21.47
2018-01-09,4.58,23.66
2018-01-10,4.97,23.63
2018-01-11,3.85,23.6
2018-01-12,5.06,23.73
2018-01-13,4.66,23.01
2018-01-14,5.82,22.7
2018-01-15,5.78,22.43
2018-01-16,5.14,22.4
2018-01-17,5.95,21.85
2018-01-18,6.02,21.25
2018-01-19,5.2,21.68
2018-01-20,5.46,21.97
2018-01-21,5.96,22.21
2018-01-22,5.07,23.38
2018-01-23,4.29,24.01
2018-01-24,6.16,23.3
2018-01-25,6.36,22.42
2018-01-26,5.75,22.83
2018-01-27,4.62,23.1
2018-01-28,4.59,23.07
2018-01-29,3.86,23.31
2018-01-30,2.5,23.81
2018-01-31,2.7,23.96
2018-02-01,5.64,23.83
2018-02-02,5.71,23.66
2018-02-03,6.38,23.1
2018-02-04,4.77,22.35
2018-02-05,5.05,23.81
2018-02-06,5.76,24.81
2018-02-07,5.63,24.72
2018-02-08,5.48,24.43
2018-02-09,5.88,24.35
2018-02-10,6.67,24.14
2018-02-11,6.75,24.24
2018-02-12,4.53,24.71
2018-02-13,5.92,24.37
2018-02-14,5.11,24.64
2018-02-15,5.58,25.04
2018-02-16,5.25,24.65
2018-02-17,6.75,23.73
2018-02-18,6.97,23.32
2018-02-19,6.84,23.17
2018-02-20,7.39,23.01
2018-02-21,6.85,24.55
2018-02-22,6.59,25.25
2018-02-23,6.95,25.23
2018-02-24,6.0,25.62
2018-02-25,4.27,25.36
2018-02-26,4.83,25.13
2018-02-27,4.16,24.08
2018-02-28,5.21,24.37
2018-03-01,6.28,24.37
2018-03-02,5.69,24.96
2018-03-03,5.84,25.18
2018-03-04,6.46,25.4
2018-03-05,6.43,25.35
2018-03-06,6.79,24.91
2018-03-07,6.22,25.08
2018-03-08,6.21,25.48
2018-03-09,4.08,25.02
2018-03-10,3.18,25.61
2018-03-11,4.09,25.32
2018-03-12,1.77,24.43
2018-03-13,3.55,25.29
2018-03-14,5.88,26.28
2018-03-15,6.65,26.44
2018-03-16,5.5,26.66
2018-03-17,6.03,26.08
2018-03-18,6.93,25.87
2018-03-19,7.03,25.69
2018-03-20,6.82,26.27
2018-03-21,6.7,26.62
2018-03-22,6.97,26.97
2018-03-23,6.44,26.86
2018-03-24,6.92,26.5
2018-03-25,5.96,25.1
2018-03-26,5.51,24.9
2018-03-27,6.74,26.46
2018-03-28,6.68,27.28
2018-03-29,6.56,27.37
2018-03-30,6.84,26.8
2018-03-31,6.17,27.3
2018-04-01,6.25,26.57
2018-04-02,5.71,26.65
2018-04-03,6.5,27.11
2018-04-04,6.69,26.82
2018-04-05,6.52,27.3
2018-04-06,5.67,27.01
2018-04-07,5.09,26.35
2018-04-08,6.19,26.35
2018-04-09,5.44,26.79
2018-04-10,6.09,26.43
2018-04-11,5.14,25.89
2018-04-12,5.21,25.7
2018-04-13,4.6,26.25
2018-04-14,6.13,26.48
2018-04-15,6.02,26.85
2018-04-16,6.38,27.26
2018-04-17,6.66,27.62
2018-04-18,4.96,27.57
2018-04-19,6.57,28.04
2018-04-20,6.15,27.95
2018-04-21,6.66,27.86
2018-04-22,6.42,27.79
2018-04-23,6.54,27.96
2018-04-24,5.91,27.94
2018-04-25,6.37,27.83
2018-04-26,5.72,27.41
2018-04-27,6.35,27.82
2018-04-28,4.99,27.43
2018-04-29,6.31,26.99
2018-04-30,6.73,27.79
2018-05-01,6.04,28.25
2018-05-02,5.46,28.05
2018-05-03,6.03,27.81
2018-05-04,5.61,27.41
2018-05-05,5.98,25.45
2018-05-06,5.16,26.18
2018-05-07,5.19,26.15
2018-05-08,5.23,25.7
2018-05-09,5.05,25.66
2018-05-10,5.11,26.13
2018-05-11,5.81,26.1
2018-05-12,5.41,25.65
2018-05-13,5.3,25.39
2018-05-14,5.17,25.54
2018-05-15,5.44,25.78
2018-05-16,5.06,25.38
2018-05-17,4.29,24.74
2018-05-18,3.9,25.35
2018-05-19,5.63,25.49
2018-05-20,2.93,25.17
2018-05-21,0.95,24.46
2018-05-22,5.44,25.41
2018-05-23,2.76,24.9
2018-05-24,4.01,24.95
2018-05-25,2.24,25.09
2018-05-26,4.34,25.61
2018-05-27,3.31,25.72
2018-05-28,4.54,25.87
2018-05-29,5.61,26.05
2018-05-30,5.51,26.23
2018-05-31,5.76,26.28
2018-06-01,5.17,25.68
2018-06-02,4.62,25.41
2018-06-03,4.74,25.53
2018-06-04,4.9,25.39
2018-06-05,5.49,25.42
2018-06-06,4.77,25.61
2018-06-07,2.92,25.29
2018-06-08,4.99,25.43
2018-06-09,4.87,25.88
2018-06-10,4.79,25.64
2018-06-11,5.81,25.76
2018-06-12,5.65,25.38
2018-06-13,5.15,25.67
2018-06-14,5.06,25.42
2018-06-15,4.85,25.17
2018-06-16,4.08,24.88
2018-06-17,5.1,24.83
2018-06-18,5.22,25.02
2018-06-19,5.88,25.1
2018-06-20,5.35,24.96
2018-06-21,4.97,25.29
2018-06-22,5.31,25.16
2018-06-23,5.17,25.34
2018-06-24,5.39,25.18
2018-06-25,5.26,24.95
2018-06-26,5.04,25.19
2018-06-27,5.35,25.15
2018-06-28,5.32,25.09
2018-06-29,5.75,24.94
2018-06-30,5.43,24.88
2018-07-01,5.77,24.94
2018-07-02,5.02,25.19
2018-07-03,5.6,25.25
2018-07-04,6.14,25.07
2018-07-05,5.98,25.46
2018-07-06,5.62,25.42
2018-07-07,5.73,24.97
2018-07-08,4.9,25.26
2018-07-09,4.58,25.43
2018-07-10,4.51,24.68
2018-07-11,4.27,24.78
2018-07-12,4.98,25.01
2018-07-13,5.23,25.14
2018-07-14,4.84,25.14
2018-07-15,4.49,24.83
2018-07-16,3.54,24.82
2018-07-17,6.33,25.13
2018-07-18,6.21,25.6
2018-07-19,4.01,24.99
2018-07-20,5.43,25.49
2018-07-21,5.2,25.51
2018-07-22,6.12,25.69
2018-07-23,6.14,25.91
2018-07-24,5.41,25.2
2018-07-25,5.55,25.12
2018-07-26,5.75,25.45
2018-07-27,5.16,25.48
2018-07-28,5.37,25.32
2018-07-29,4.72,25.29
2018-07-30,4.93,25.47
2018-07-31,4.29,24.54
2018-08-01,4.69,25.26
2018-08-02,5.32,25.64
2018-08-03,5.47,25.67
2018-08-04,4.76,25.09
2018-08-05,4.37,25.37
2018-08-06,4.87,25.1
2018-08-07,5.18,25.25
2018-08-08,4.8,24.86
2018-08-09,4.64,24.54
2018-08-10,4.58,24.94
2018-08-11,4.93,24.73
2018-08-12,4.54,25.03
2018-08-13,4.66,25.22
2018-08-14,4.43,24.99
2018-08-15,3.39,24.72
2018-08-16,3.84,24.53
2018-08-17,4.02,24.98
2018-08-18,4.36,24.39
2018-08-19,4.27,24.84
2018-08-20,4.87,25.08
2018-08-21,5.39,25.26
2018-08-22,5.94,25.21
2018-08-23,6.15,25.96
2018-08-24,5.25,25.73
2018-08-25,5.71,25.68
2018-08-26,4.96,25.1
2018-08-27,5.45,25.49
2018-08-28,6.23,25.07
2018-08-29,5.21,25.51
2018-08-30,5.98,26.02
2018-08-31,4.82,25.1
2018-09-01,6.08,25.08
2018-09-02,6.28,25.87
2018-09-03,6.34,25.77
2018-09-04,7.12,25.84
2018-09-05,6.98,25.41
2018-09-06,7.05,25.75
2018-09-07,7.07,25.78
2018-09-08,7.36,26.1
2018-09-09,6.58,27.01
2018-09-10,5.91,26.86
2018-09-11,7.11,27.26
2018-09-12,7.17,27.47
2018-09-13,6.85,26.82
2018-09-14,6.54,25.99
2018-09-15,6.31,26.52
2018-09-16,5.48,25.17
2018-09-17,4.84,25.59
2018-09-18,5.47,25.79
2018-09-19,4.61,25.4
2018-09-20,6.08,25.54
2018-09-21,4.85,25.86
2018-09-22,6.56,25.97
2018-09-23,5.94,26.97
2018-09-24,4.32,25.35
2018-09-25,5.49,25.72
2018-09-26,5.9,26.77
2018-09-27,5.06,25.99
2018-09-28,5.36,26.18
2018-09-29,5.67,25.98
2018-09-30,5.78,26.41
2018-10-01,5.6,27.03
2018-10-02,4.34,24.96
2018-10-03,4.89,26.15
2018-10-04,4.74,25.97
2018-10-05,5.63,25.99
2018-10-06,4.76,24.94
2018-10-07,4.15,24.9
2018-10-08,4.14,24.32
2018-10-09,2.31,23.73
2018-10-10,5.5,24.12
2018-10-11,5.35,24.49
2018-10-12,4.9,24.9
2018-10-13,4.67,24.67
2018-10-14,5.07,24.38
2018-10-15,6.42,25.57
2018-10-16,4.91,25.04
2018-10-17,4.18,23.95
2018-10-18,6.29,25.12
2018-10-19,5.42,25.73
2018-10-20,4.06,24.93
2018-10-21,5.9,25.4
2018-10-22,5.0,25.51
2018-10-23,5.4,25.63
2018-10-24,5.62,25.38
2018-10-25,4.17,24.55
2018-10-26,4.13,24.42
2018-10-27,4.85,24.86
2018-10-28,4.47,24.26
2018-10-29,4.36,24.81
2018-10-30,4.46,24.47
2018-10-31,3.41,24.14
2018-11-01,2.76,24.68
2018-11-02,5.1,24.46
2018-11-03,4.27,24.53
2018-11-04,6.15,24.66
2018-11-05,2.75,23.73
2018-11-06,1.72,23.87
2018-11-07,3.58,23.31
2018-11-08,3.96,23.81
2018-11-09,3.49,24.01
2018-11-10,5.72,23.96
2018-11-11,5.54,23.8
2018-11-12,5.06,23.37
2018-11-13,5.54,23.46
2018-11-14,5.13,24.05
2018-11-15,5.06,24.71
2018-11-16,4.62,25.1
2018-11-17,4.64,23.97
2018-11-18,4.84,24.2
2018-11-19,4.59,23.96
2018-11-20,4.37,23.88
2018-11-21,4.8,24.91
2018-11-22,5.66,24.95
2018-11-23,4.79,25.19
2018-11-24,4.94,25.02
2018-11-25,4.93,24.56
2018-11-26,4.36,23.81
2018-11-27,4.12,23.71
2018-11-28,3.67,24.71
2018-11-29,5.27,24.51
2018-11-30,4.86,23.88
2018-12-01,5.57,22.46
2018-12-02,6.03,22.81
2018-12-03,3.77,23.89
2018-12-04,5.51,24.26
2018-12-05,2.86,23.82
2018-12-06,3.01,23.71
2018-12-07,4.13,23.75
2018-12-08,4.41,24.01
2018-12-09,3.22,23.75
2018-12-10,4.56,22.69
2018-12-11,4.2,22.45
2018-12-12,5.43,21.44
2018-12-13,4.21,22.43
2018-12-14,4.48,23.5
2018-12-15,3.25,23.41
2018-12-16,4.63,22.66
2018-12-17,5.94,23.33
2018-12-18,5.29,23.33
2018-12-19,6.19,22.85
2018-12-20,4.77,24.05
2018-12-21,1.94,23.98
2018-12-22,3.65,23.77
2018-12-23,5.45,24.39
2018-12-24,4.45,24.21
2018-12-25,5.38,24.16
2018-12-26,5.06,24.51
2018-12-27,5.22,23.59
2018-12-28,5.58,22.82
2018-12-29,5.05,22.49
2018-12-30,5.51,22.32
2018-12-31,3.39,22.43
2019-01-01,5.02,21.72
2019-01-02,5.32,21.18
2019-01-03,6.17,20.96
2019-01-04,6.42,20.67
2019-01-05,5.93,22.26
2019-01-06,6.32,21.56
2019-01-07,5.6,22.34
2019-01-08,5.55,22.92
2019-01-09,5.82,22.54
2019-01-10,5.43,22.84
2019-01-11,5.5,22.98
2019-01-12,4.9,23.36
2019-01-13,3.55,23.46
2019-01-14,3.45,23.86
2019-01-15,5.03,23.48
2019-01-16,4.7,23.18
2019-01-17,5.71,21.97
2019-01-18,5.43,20.86
2019-01-19,5.22,20.91
2019-01-20,5.36,21.76
2019-01-21,5.44,22.81
2019-01-22,5.89,23.49
2019-01-23,5.95,23.73
2019-01-24,5.62,23.82
2019-01-25,5.65,24.54
2019-01-26,5.04,24.43
2019-01-27,6.02,23.63
2019-01-28,6.03,23.01
2019-01-29,6.3,22.93
2019-01-30,6.09,23.35
2019-01-31,5.77,23.62
2019-02-01,5.94,23.89
2019-02-02,5.56,24.09
2019-02-03,5.03,24.63
2019-02-04,3.32,24.67
2019-02-05,3.36,24.81
2019-02-06,5.35,24.23
2019-02-07,6.06,24.71
2019-02-08,5.35,25.72
2019-02-09,3.89,24.75
2019-02-10,6.25,24.53
2019-02-11,5.68,24.19
2019-02-12,4.97,24.48
2019-02-13,5.56,24.59
2019-02-14,4.75,24.92
2019-02-15,5.58,25.14
2019-02-16,5.4,25.69
2019-02-17,5.8,26.26
2019-02-18,6.08,25.99
2019-02-19,6.43,25.17
2019-02-20,6.69,24.05
2019-02-21,6.63,24.54
2019-02-22,7.1,23.45
2019-02-23,7.21,23.15
2019-02-24,7.02,23.94
2019-02-25,6.47,25.75
2019-02-26,6.24,26.27
2019-02-27,5.25,24.85
2019-02-28,5.4,25.73
2019-03-01,6.18,26.02
2019-03-02,6.69,25.54
2019-03-03,5.97,25.94
2019-03-04,5.98,25.59
2019-03-05,5.75,26.74
2019-03-06,6.43,27.4
2019-03-07,6.41,27.87
2019-03-08,7.0,27.69
2019-03-09,6.27,27.28
2019-03-10,7.16,26.1
2019-03-11,7.18,25.18
2019-03-12,6.77,25.49
2019-03-13,5.82,25.76
2019-03-14,7.22,26.09
2019-03-15,6.78,25.87
2019-03-16,6.57,26.6
2019-03-17,5.16,26.58
2019-03-18,5.77,26.77
2019-03-19,7.13,27.37
2019-03-20,7.18,27.34
2019-03-21,5.63,27.49
2019-03-22,6.94,27.84
2019-03-23,6.0,28.05
2019-03-24,7.44,27.26
2019-03-25,7.66,25.94
2019-03-26,7.5,26.98
2019-03-27,7.66,27.7
2019-03-28,7.54,27.61
2019-03-29,7.45,27.88
2019-03-30,7.22,28.2
2019-03-31,7.47,28.92
2019-04-01,7.14,29.48
2019-04-02,7.24,29.51
2019-04-03,6.89,29.19
2019-04-04,7.4,28.99
2019-04-05,6.35,28.89
2019-04-06,6.94,29.65
2019-04-07,6.76,29.89
2019-04-08,6.75,30.04
2019-04-09,6.54,30.54
2019-04-10,6.76,30.35
2019-04-11,5.34,28.58
2019-04-12,7.12,29.77
2019-04-13,5.94,29.95
2019-04-14,6.7,29.77
2019-04-15,6.56,29.78
2019-04-16,6.09,29.17
2019-04-17,4.95,27.63
2019-04-18,6.15,29.11
2019-04-19,6.08,29.13
2019-04-20,6.07,28.3
2019-04-21,5.96,27.57
2019-04-22,6.27,28.3
2019-04-23,5.9,28.25
2019-04-24,6.52,28.78
2019-04-25,4.97,28.42
2019-04-26,4.22,27.26
2019-04-27,4.06,29.02
2019-04-28,5.6,29.04
2019-04-29,4.69,27.45
2019-04-30,2.96,26.97
2019-05-01,5.07,26.91
2019-05-02,4.51,27.73
2019-05-03,3.96,27.49
2019-05-04,6.39,27.65
2019-05-05,6.26,28.26
2019-05-06,7.04,28.11
2019-05-07,6.81,27.86
2019-05-08,6.65,27.74
2019-05-09,6.47,28.18
2019-05-10,6.29,29.29
2019-05-11,6.7,28.94
2019-05-12,6.68,28.56
2019-05-13,6.36,28.52
2019-05-14,6.0,28.65
2019-05-15,6.48,28.8
2019-05-16,6.55,27.88
2019-05-17,6.07,27.51
2019-05-18,6.06,27.9
2019-05-19,6.3,28.02
2019-05-20,6.57,28.62
2019-05-21,6.05,28.61
2019-05-22,4.88,29.56
2019-05-23,6.09,28.52
2019-05-24,5.74,27.57
2019-05-25,5.97,27.46
2019-05-26,6.42,28.57
2019-05-27,6.72,29.32
2019-05-28,6.22,29.64
2019-05-29,5.89,29.47
2019-05-30,5.96,28.98
2019-05-31,5.58,28.18
2019-06-01,5.92,27.65
2019-06-02,5.7,28.86
2019-06-03,5.03,28.27
2019-06-04,3.93,27.05
2019-06-05,5.43,27.05
2019-06-06,5.26,27.71
2019-06-07,4.75,26.35
2019-06-08,5.5,27.56
2019-06-09,5.5,27.09
2019-06-10,4.18,27.19
2019-06-11,5.14,27.56
2019-06-12,4.72,27.39
2019-06-13,4.95,27.65
2019-06-14,5.66,27.57
2019-06-15,5.93,27.89
2019-06-16,5.54,27.99
2019-06-17,5.3,27.53
2019-06-18,5.69,27.75
2019-06-19,5.72,27.57
2019-06-20,4.75,26.8
2019-06-21,4.79,26.85
2019-06-22,4.86,27.32
2019-06-23,5.4,27.46
2019-06-24,5.29,27.42
2019-06-25,4.53,26.92
2019-06-26,4.76,26.9
2019-06-27,6.63,27.95
2019-06-28,6.43,27.83
2019-06-29,6.3,28.08
2019-06-30,5.7,27.62
2019-07-01,5.57,27.19
2019-07-02,5.04,27.47
2019-07-03,5.65,27.37
2019-07-04,5.74,28.15
2019-07-05,5.97,27.42
2019-07-06,5.83,27.36
2019-07-07,6.19,27.66
2019-07-08,6.31,28.38
2019-07-09,4.95,27.21
2019-07-10,5.11,26.32
2019-07-11,5.8,26.86
2019-07-12,5.38,27.85
2019-07-13,5.34,26.64
2019-07-14,5.53,26.73
2019-07-15,5.14,26.11
2019-07-16,5.99,26.72
2019-07-17,4.4,26.82
2019-07-18,4.08,25.71
2019-07-19,4.63,25.12
2019-07-20,4.75,25.91
2019-07-21,4.77,25.83
2019-07-22,4.28,26.21
2019-07-23,5.44,26.32
2019-07-24,5.8,26.54
2019-07-25,4.99,26.55
2019-07-26,4.87,25.88
2019-07-27,5.51,25.81
2019-07-28,6.08,26.66
2019-07-29,5.47,26.87
2019-07-30,6.28,27.08
2019-07-31,5.27,27.01
2019-08-01,5.53,26.33
2019-08-02,4.97,27.13
2019-08-03,5.93,27.05
2019-08-04,5.27,27.35
2019-08-05,5.07,26.21
2019-08-06,5.45,26.82
2019-08-07,4.62,26.67
2019-08-08,3.91,26.01
2019-08-09,3.66,26.29
2019-08-10,3.99,26.2
2019-08-11,5.07,25.46
2019-08-12,4.67,25.32
2019-08-13,3.88,25.55
2019-08-14,4.79,25.77
2019-08-15,5.55,26.38
2019-08-16,4.58,26.06
2019-08-17,3.62,24.16
2019-08-18,5.45,25.57
2019-08-19,5.78,25.83
2019-08-20,5.6,26.01
2019-08-21,4.88,26.12
2019-08-22,3.42,25.13
2019-08-23,3.81,25.03
2019-08-24,5.08,25.45
2019-08-25,4.62,25.25
2019-08-26,4.13,25.13
2019-08-27,4.64,25.14
2019-08-28,4.79,26.03
2019-08-29,5.25,25.67
2019-08-30,4.92,25.25
2019-08-31,5.3,26.09
2019-09-01,4.75,25.9
2019-09-02,5.47,26.22
2019-09-03,5.39,25.73
2019-09-04,5.33,25.55
2019-09-05,3.8,25.68
2019-09-06,4.48,26.17
2019-09-07,6.03,26.44
2019-09-08,6.36,26.57
2019-09-09,6.49,27.12
2019-09-10,5.66,26.08
2019-09-11,4.89,26.2
2019-09-12,3.98,25.73
2019-09-13,5.58,25.39
2019-09-14,5.37,25.48
2019-09-15,3.81,25.44
2019-09-16,3.7,24.67
2019-09-17,5.02,25.34
2019-09-18,5.42,26.06
2019-09-19,4.11,25.65
2019-09-20,4.8,24.03
2019-09-21,5.8,25.33
2019-09-22,4.89,25.24
2019-09-23,3.74,25.61
2019-09-24,3.97,24.99
2019-09-25,3.48,25.1
2019-09-26,4.59,25.84
2019-09-27,4.98,25.41
2019-09-28,4.16,24.68
2019-09-29,4.53,24.57
2019-09-30,5.44,25.51
2019-10-01,5.63,25.59
2019-10-02,5.47,25.91
2019-10-03,5.68,26.39
2019-10-04,5.65,25.14
2019-10-05,5.48,25.66
2019-10-06,4.38,24.67
2019-10-07,5.5,24.43
2019-10-08,5.47,25.37
2019-10-09,5.81,26.17
2019-10-10,5.55,25.0
2019-10-11,4.09,24.68
2019-10-12,5.28,25.38
2019-10-13,5.69,25.6
2019-10-14,6.05,25.29
2019-10-15,4.43,25.06
2019-10-16,3.72,24.68
2019-10-17,5.08,24.33
2019-10-18,5.84,25.15
2019-10-19,4.29,24.57
2019-10-20,4.48,24.41
2019-10-21,2.9,24.54
2019-10-22,3.7,23.91
2019-10-23,4.43,24.4
2019-10-24,1.72,23.75
2019-10-25,4.78,23.36
2019-10-26,2.85,23.48
2019-10-27,2.36,23.35
2019-10-28,2.41,23.89
2019-10-29,3.67,24.32
2019-10-30,3.87,24.38
2019-10-31,4.47,24.02
2019-11-01,6.34,24.82
2019-11-02,4.59,23.72
2019-11-03,4.43,24.04
2019-11-04,5.77,24.79
2019-11-05,5.18,24.76
2019-11-06,5.21,24.86
2019-11-07,5.74,24.9
2019-11-08,5.53,24.93
2019-11-09,4.56,24.8
2019-11-10,5.44,25.59
2019-11-11,5.59,24.95
2019-11-12,6.17,24.45
2019-11-13,5.58,24.22
2019-11-14,6.2,24.68
2019-11-15,5.31,24.88
2019-11-16,4.7,25.2
2019-11-17,6.08,24.81
2019-11-18,5.76,24.47
2019-11-19,5.21,25.06
2019-11-20,5.36,24.62
2019-11-21,5.95,24.55
2019-11-22,3.38,23.94
2019-11-23,4.98,24.12
2019-11-24,3.09,24.82
2019-11-25,2.95,24.71
2019-11-26,5.2,24.51
2019-11-27,4.86,25.0
2019-11-28,3.46,25.39
2019-11-29,3.76,25.38
2019-11-30,2.92,25.57
2019-12-01,4.38,25.1
2019-12-02,3.8,24.33
2019-12-03,3.93,23.97
2019-12-04,2.13,24.48
2019-12-05,3.26,24.57
2019-12-06,4.98,23.9
2019-12-07,2.84,23.99
2019-12-08,4.72,23.54
2019-12-09,3.36,23.56
2019-12-10,3.79,24.33
2019-12-11,3.44,23.72
2019-12-12,5.38,23.31
2019-12-13,4.98,24.28
2019-12-14,5.16,23.84
2019-12-15,5.4,23.84
2019-12-16,5.2,23.62
2019-12-17,2.38,24.14
2019-12-18,2.79,24.63
2019-12-19,3.19,24.24
2019-12-20,1.15,24.45
2019-12-21,4.56,24.36
2019-12-22,2.61,24.47
2019-12-23,4.7,23.13
2019-12-24,5.16,24.84
2019-12-25,4.47,24.26
2019-12-26,6.11,23.12
2019-12-27,6.29,22.47
2019-12-28,5.92,22.82
2019-12-29,5.48,22.25
2019-12-30,5.99,22.85
2019-12-31,4.89,24.11
2020-01-01,4.83,24.65
2020-01-02,4.46,24.65
2020-01-03,5.71,24.99
2020-01-04,6.01,24.29
2020-01-05,6.27,23.95
2020-01-06,6.06,23.87
2020-01-07,5.56,23.95
2020-01-08,5.14,23.06
2020-01-09,6.14,22.49
2020-01-10,6.14,22.0
2020-01-11,4.89,23.01
2020-01-12,5.36,23.26
2020-01-13,5.48,21.56
2020-01-14,6.15,21.07
2020-01-15,5.78,21.54
2020-01-16,6.14,22.89
2020-01-17,4.36,24.02
2020-01-18,5.69,24.12
2020-01-19,5.68,24.14
2020-01-20,5.54,24.07
2020-01-21,4.73,24.22
2020-01-22,3.62,24.62
2020-01-23,4.44,24.47
2020-01-24,5.94,24.09
2020-01-25,5.82,23.27
2020-01-26,6.51,22.73
2020-01-27,6.23,22.1
2020-01-28,6.29,22.13
2020-01-29,6.17,22.03
2020-01-30,6.57,22.13
2020-01-31,6.66,21.83
2020-02-01,6.49,22.03
2020-02-02,6.39,22.5
2020-02-03,5.64,22.76
2020-02-04,4.91,23.24
2020-02-05,5.45,23.46
2020-02-06,5.55,23.72
2020-02-07,5.41,23.19
2020-02-08,6.51,23.01
2020-02-09,6.59,22.2
2020-02-10,6.72,22.75
2020-02-11,6.07,23.38
2020-02-12,3.84,24.53
2020-02-13,4.79,24.24
2020-02-14,5.28,24.19
2020-02-15,6.1,24.72
2020-02-16,6.55,24.03
2020-02-17,6.53,23.18
2020-02-18,7.08,21.92
2020-02-19,6.88,22.33
2020-02-20,6.29,24.15
2020-02-21,4.22,25.27
2020-02-22,4.36,24.81
2020-02-23,5.11,24.6
2020-02-24,5.84,24.98
2020-02-25,6.14,24.96
2020-02-26,6.57,24.52
2020-02-27,6.74,24.34
2020-02-28,6.72,24.02
2020-02-29,6.66,24.22
2020-03-01,6.83,24.83
2020-03-02,6.52,25.3
2020-03-03,6.73,25.42
2020-03-04,6.66,25.82
2020-03-05,5.57,26.05
2020-03-06,5.18,26.7
2020-03-07,5.39,26.67
2020-03-08,6.35,26.29
2020-03-09,7.28,26.01
2020-03-10,7.3,25.72
2020-03-11,7.13,26.19
2020-03-12,7.09,25.86
2020-03-13,6.92,25.96
2020-03-14,6.91,26.84
2020-03-15,6.93,27.0
2020-03-16,6.06,27.12
2020-03-17,5.46,27.1
2020-03-18,6.07,27.25
2020-03-19,6.13,26.28
2020-03-20,6.32,26.85
2020-03-21,6.99,27.22
2020-03-22,6.75,27.28
2020-03-23,6.8,27.01
2020-03-24,7.01,26.68
2020-03-25,6.92,27.39
2020-03-26,6.44,25.92
2020-03-27,7.14,26.5
2020-03-28,7.16,27.32
2020-03-29,6.3,28.27
2020-03-30,6.35,27.7
2020-03-31,6.94,26.99
2020-04-01,6.82,26.82
2020-04-02,7.58,27.03
2020-04-03,7.44,27.78
2020-04-04,5.34,27.96
2020-04-05,6.81,28.69
2020-04-06,6.75,28.81
2020-04-07,6.62,29.09
2020-04-08,6.41,28.53
2020-04-09,5.97,28.43
2020-04-10,6.57,28.08
2020-04-11,6.7,28.36
2020-04-12,6.34,27.87
2020-04-13,6.72,28.58
2020-04-14,6.37,28.04
2020-04-15,5.68,28.27
2020-04-16,5.96,29.07
2020-04-17,6.54,28.44
2020-04-18,6.8,29.11
2020-04-19,6.5,28.32
2020-04-20,6.8,28.54
2020-04-21,6.61,29.16
2020-04-22,5.13,28.59
2020-04-23,6.53,27.05
2020-04-24,5.12,27.08
2020-04-25,6.42,28.73
2020-04-26,6.78,28.72
2020-04-27,7.07,28.77
2020-04-28,5.91,28.46
2020-04-29,5.96,27.01
2020-04-30,6.01,26.12
2020-05-01,5.16,27.98
2020-05-02,6.86,28.93
2020-05-03,6.45,29.19
2020-05-04,5.35,28.59
2020-05-05,5.5,27.52
2020-05-06,4.72,27.82
2020-05-07,5.91,27.58
2020-05-08,6.09,26.76
2020-05-09,5.83,27.14
2020-05-10,5.49,27.01
2020-05-11,3.95,26.27
2020-05-12,5.73,26.68
2020-05-13,5.06,26.63
2020-05-14,6.31,27.16
2020-05-15,3.77,26.36
2020-05-16,2.53,25.89
2020-05-17,4.13,26.56
2020-05-18,3.7,26.13
2020-05-19,2.46,25.23
2020-05-20,5.28,26.54
2020-05-21,4.65,25.88
2020-05-22,4.56,26.15
2020-05-23,5.75,26.47
2020-05-24,5.25,26.66
2020-05-25,4.7,25.89
2020-05-26,4.56,26.68
2020-05-27,4.18,26.43
2020-05-28,5.81,26.67
2020-05-29,5.64,25.91
2020-05-30,5.86,26.06
2020-05-31,6.39,26.76
2020-06-01,6.33,26.15
2020-06-02,6.88,26.21
2020-06-03,7.02,25.99
2020-06-04,7.11,26.21
2020-06-05,6.45,26.35
2020-06-06,3.34,25.47
2020-06-07,4.18,25.08
2020-06-08,4.35,25.92
2020-06-09,6.18,26.42
2020-06-10,4.92,26.16
2020-06-11,3.69,25.12
2020-06-12,4.73,25.62
2020-06-13,6.52,26.3
2020-06-14,6.0,26.45
2020-06-15,6.01,26.72
2020-06-16,5.25,26.57
2020-06-17,5.35,26.27
2020-06-18,5.7,26.5
2020-06-19,5.73,26.55
2020-06-20,5.9,25.95
2020-06-21,4.08,25.19
2020-06-22,5.57,25.73
2020-06-23,4.31,26.24
2020-06-24,5.06,25.78
2020-06-25,3.68,24.22
2020-06-26,3.63,24.93
2020-06-27,6.13,25.45
2020-06-28,5.55,25.96
2020-06-29,5.41,26.12
2020-06-30,5.03,26.08
2020-07-01,5.7,26.01
2020-07-02,5.52,25.95
2020-07-03,4.24,24.82
2020-07-04,4.99,25.13
2020-07-05,5.65,25.47
2020-07-06,5.31,25.37
2020-07-07,6.11,26.09
2020-07-08,5.07,25.32
2020-07-09,4.64,25.03
2020-07-10,3.62,24.84
2020-07-11,5.39,24.95
2020-07-12,5.95,25.16
2020-07-13,5.57,25.64
2020-07-14,6.01,26.11
2020-07-15,5.15,26.15
2020-07-16,4.69,25.06
2020-07-17,5.1,24.52
2020-07-18,4.96,25.43
2020-07-19,4.86,25.25
2020-07-20,3.15,25.55
2020-07-21,6.17,25.42
2020-07-22,4.93,25.63
2020-07-23,5.64,25.27
2020-07-24,5.08,25.26
2020-07-25,4.01,24.53
2020-07-26,4.35,24.15
2020-07-27,4.35,23.95
2020-07-28,1.69,24.58
2020-07-29,4.07,24.18
2020-07-30,5.56,25.19
2020-07-31,5.27,25.67
2020-08-01,4.94,25.6
2020-08-02,4.32,25.03
2020-08-03,3.62,24.74
2020-08-04,4.53,25.07
2020-08-05,4.73,24.87
2020-08-06,3.05,25.06
2020-08-07,3.8,25.3
2020-08-08,3.83,24.79
2020-08-09,3.62,24.17
2020-08-10,4.54,25.26
2020-08-11,5.19,25.29
2020-08-12,6.83,25.43
2020-08-13,6.32,25.43
2020-08-14,5.7,25.35
2020-08-15,5.84,25.56
2020-08-16,5.37,25.86
2020-08-17,6.58,26.07
2020-08-18,6.76,25.99
2020-08-19,6.67,26.13
2020-08-20,5.74,25.51
2020-08-21,6.21,26.57
2020-08-22,6.82,26.54
2020-08-23,6.55,26.37
2020-08-24,6.54,26.59
2020-08-25,6.25,26.98
2020-08-26,5.81,26.25
2020-08-27,6.38,26.4
2020-08-28,6.49,25.74
2020-08-29,6.48,25.94
2020-08-30,6.07,26.01
2020-08-31,6.0,25.6
2020-09-01,3.87,25.48
2020-09-02,3.44,24.69
2020-09-03,4.93,24.89
2020-09-04,5.68,25.31
2020-09-05,5.37,25.67
2020-09-06,3.38,25.51
2020-09-07,4.9,24.78
2020-09-08,5.32,25.19
2020-09-09,4.14,24.95
2020-09-10,4.85,24.87
2020-09-11,5.24,25.31
2020-09-12,3.29,24.81
2020-09-13,4.76,25.03
2020-09-14,4.99,25.29
2020-09-15,4.88,25.44
2020-09-16,5.26,25.44
2020-09-17,5.33,25.32
2020-09-18,4.64,25.18
2020-09-19,4.13,24.47
2020-09-20,4.17,24.99
2020-09-21,4.3,25.09
2020-09-22,3.58,25.04
2020-09-23,5.29,25.33
2020-09-24,5.41,24.99
2020-09-25,3.22,23.82
2020-09-26,5.64,25.26
2020-09-27,5.88,25.46
2020-09-28,5.02,25.27
2020-09-29,3.78,25.11
2020-09-30,3.95,24.66
2020-10-01,5.39,25.16
2020-10-02,5.9,25.12
2020-10-03,5.8,25.48
2020-10-04,6.32,25.33
2020-10-05,7.15,25.4
2020-10-06,6.65,25.89
2020-10-07,5.21,25.61
2020-10-08,5.52,25.63
2020-10-09,4.23,25.49
2020-10-10,5.25,24.85
2020-10-11,4.43,25.42
2020-10-12,5.55,25.57
2020-10-13,4.75,25.57
2020-10-14,3.79,25.53
2020-10-15,4.83,25.55
2020-10-16,5.64,25.4
2020-10-17,5.6,25.57
2020-10-18,5.51,25.48
2020-10-19,5.97,25.78
2020-10-20,5.68,26.15
2020-10-21,4.92,26.09
2020-10-22,5.83,26.0
2020-10-23,6.26,25.77
2020-10-24,5.65,25.92
2020-10-25,5.93,25.42
2020-10-26,5.65,25.86
2020-10-27,4.93,26.51
2020-10-28,4.63,25.92
2020-10-29,5.32,26.01
2020-10-30,4.96,25.53
2020-10-31,5.05,25.89
2020-11-01,5.69,25.68
2020-11-02,5.46,25.93
2020-11-03,5.68,26.28
2020-11-04,4.94,26.52
2020-11-05,5.61,25.81
2020-11-06,5.14,25.48
2020-11-07,5.31,25.52
2020-11-08,4.11,25.16
2020-11-09,4.14,25.23
2020-11-10,3.17,25.05
2020-11-11,5.14,25.68
2020-11-12,4.55,25.09
2020-11-13,4.85,25.24
2020-11-14,4.71,25.03
2020-11-15,5.11,25.64
2020-11-16,2.87,24.97
2020-11-17,4.35,24.96
2020-11-18,5.11,24.36
2020-11-19,5.24,24.68
2020-11-20,5.03,24.31
2020-11-21,4.36,24.06
2020-11-22,2.49,23.37
2020-11-23,3.6,23.53
2020-11-24,2.54,23.83
2020-11-25,3.42,24.51
2020-11-26,5.46,24.18
2020-11-27,6.14,24.26
2020-11-28,5.8,24.37
2020-11-29,5.58,24.4
2020-11-30,5.24,24.2
2020-12-01,3.73,23.68
2020-12-02,1.69,24.06
2020-12-03,2.43,24.21
2020-12-04,2.9,24.27
2020-12-05,3.58,24.8
2020-12-06,4.97,25.08
2020-12-07,5.68,25.11
2020-12-08,4.41,24.77
2020-12-09,6.0,24.6
2020-12-10,5.43,23.8
2020-12-11,6.06,23.37
2020-12-12,4.82,23.33
2020-12-13,5.32,22.77
2020-12-14,5.36,22.5
2020-12-15,3.94,23.66
2020-12-16,5.73,23.9
2020-12-17,5.54,23.87
2020-12-18,4.48,23.47
2020-12-19,3.45,23.45
2020-12-20,1.32,23.54
2020-12-21,1.95,23.48
2020-12-22,1.45,23.9
2020-12-23,3.94,23.07
2020-12-24,4.29,23.81
2020-12-25,5.44,23.2
2020-12-26,3.49,22.97
2020-12-27,3.26,23.8
2020-12-28,3.04,23.99
2020-12-29,5.75,24.66
2020-12-30,5.23,24.26
2020-12-31,2.45,24.23
